:020000040801F1
:10000000382D002071020108151501086112010840
:1000100011150108F9090108C930010800000000A4
:10002000000000000000000000000000D11D0108D9
:10003000D50D010800000000B1150108C11E01081E
:100040008B0201088B0201088B020108D91C0108F0
:100050008B0201088B0201088B0201088B02010848
:100060008B0201088B0201088B0201088B02010838
:100070008B0201088B020108FD090108A90A010889
:100080008B020108BD0A01088B0201088B020108DE
:100090008B0201088B0201088B0201088B02010808
:1000A0008B0201088B0201088B0201088B020108F8
:1000B0008B020108ED1F01088D2201088B02010847
:1000C0008B0201088B0201088B0201088B020108D8
:1000D0008B020108D12D0108F12D01088B020108C6
:1000E0008B0201086D1801088B0201088B020108C0
:1000F0008B0201088B0201088B0201088B020108A8
:100100008B0201088B0201088B0201088B02010897
:10011000B12D01088B0201088B020108A9220108F8
:100120008B0201088B0201088B0201088B02010877
:100130008B0201088B0201088B0201088B02010867
:100140008B0201088B0201088B0201088B02010857
:100150008B0201088B020108D10A01088B020108F9
:100160008B0201088B0201088B0201088B02010837
:100170008B0201088B0201088B0201088B02010827
:100180008B0201088B02010800F002F800F060F811
:100190000AA090E8000C82448344AAF10107DA45E2
:1001A00001D100F055F8AFF2090EBAE80F0013F0D4
:1001B000010F18BFFB1A43F0010318474C2301003D
:1001C0006C2301000A444FF0000C10F8013B13F0BF
:1001D000070408BF10F8014B1D1108BF10F8015BA0
:1001E000641E05D010F8016B641E01F8016BF9D193
:1001F00013F0080F1EBF10F8014BAD1C0C1B09D1EA
:100200006D1E58BF01F801CBFAD505E014F8016B5B
:1002100001F8016B6D1EF9D59142D6D370470000ED
:100220000023002400250026103A28BF78C1FBD8FF
:10023000520728BF30C148BF0B6070471FB511F08F
:100240006CFE9DE8030000F00BFA1FBD10B510BD59
:1002500000F072FA1146FFF7F1FF0DF063FC00F0B9
:1002600090FA03B4FFF7F2FF03BC00F0C1FA0000FC
:100270000948804709480047FEE7FEE7FEE7FEE73A
:10028000FEE7FEE7FEE7FEE7FEE7FEE70448054976
:10029000054A064B70470000851F010889010108C7
:1002A00038230020382D0020382500203825002054
:1002B00070B5064600F0B8F9056806F10B0020F0AD
:1002C0000704B4429CBF002070BD2B466A68BAB1D7
:1002D0001068A04210D304F1080188423CBF506866
:1002E000586007D35168101941601168091B0160FB
:1002F00058601460101D70BD13465268002AE7D183
:100300002146284600F098F90028DED170BD70B56E
:100310000446051F00F088F90068002C14BF4468EB
:1003200070BD002C18BFAC423CBF20466468F8D3B7
:1003300001680A18AA4218BF456003D12A68054619
:100340001144016028684119A1421CBF6C6070BD56
:100350006168696021680844286070BD53EA020C36
:1003600000F069802DE9F04B4FF00006002B1FBF15
:10037000B3FA83F503FA05F424FA05F65E4012BFDA
:100380001643B2FA82F502FA05F4C5F120051EBF44
:1003900022FA05FC44EA0C04203556EA044C4FEAE4
:1003A000144418BF641C4FF000084FF0000990423D
:1003B00071EB030C39D3002919BFB1FA81F701FAA7
:1003C00007F6B0FA80F700FA07F6C7F120071EBF5C
:1003D00020FA07FC46EA0C062037B6FBF4FCA7EB34
:1003E0000507103F07F01F0BCBF120060CFA0BFBA3
:1003F0002CFA06F644BFB3460026202FA4BF5E4663
:100400004FF0000B5BEA060C08BF4FF0010B19EB35
:100410000B09ABFB027C48EB0608C01B06FB02CCB9
:100420000BFB03CC71EB0C01C1E70B4602464146C6
:100430004846BDE8F08B13B54FF000004FF00001C7
:10044000AFF30080BDE81C407047032A40F23080C3
:1004500010F0030C00F0158011F8013BBCF1020F05
:10046000624498BF11F801CB00F8013B38BF11F886
:10047000013BA2F1040298BF00F801CB38BF00F89D
:10048000013B11F0030300F02580083AC0F008801A
:1004900051F8043B083A51F804CBA0E80810F5E7FE
:1004A000121D5CBF51F8043B40F8043BAFF30080E1
:1004B000D20724BF11F8013B11F801CB48BF11F856
:1004C000012B24BF00F8013B00F801CB48BF00F826
:1004D000012B704710B5203AC0F00B80B1E81850DE
:1004E000203AA0E81850B1E81850A0E81850BFF41E
:1004F000F5AF5FEA027C24BFB1E81850A0E81850BD
:1005000044BF18C918C0BDE810405FEA827C24BF10
:1005100051F8043B40F8043B08BF7047D20728BF9E
:1005200031F8023B48BF11F8012B28BF20F8023BED
:1005300048BF00F8012B70474FF000020429C0F0BB
:10054000128010F0030C00F01B80CCF1040CBCF105
:10055000020F18BF00F8012BA8BF20F8022BA1EB57
:100560000C0100F00DB85FEAC17C24BF00F8012B3C
:1005700000F8012B48BF00F8012B70474FF0000234
:1005800000B5134694469646203922BFA0E80C5089
:10059000A0E80C50B1F12001BFF4F7AF090728BF64
:1005A000A0E80C5048BF0CC05DF804EB890028BFE0
:1005B00040F8042B08BF704748BF20F8022B11F009
:1005C000804F18BF00F8012B704710B5044610F09B
:1005D000030F08BF11F0030F40F015804FF0013EEC
:1005E000121FC0F20E8051F8043BA3EB0E0C2CEA54
:1005F000030C1CEACE1C08BF40F8043BF0D0A1F16C
:10060000040102F10402521E08DB11F8013B002B29
:1006100000F8013BF7D11146FFF78EFF204610BDD1
:10062000704770477047000000487047E022002084
:10063000704770477047704738B504460A46002037
:100640006946AFF30080002808BF38BD0246009914
:10065000204600F04FF8012038BD012000F064B8BA
:10066000F8B5AFF30080054600200C46102000BF0F
:100670000646A819A0420DD9324669460020AFF3BC
:100680000080070008BF00F04FF80098A04218BF94
:100690000546C419FFF7C8FF05600746F01D20F0A6
:1006A00007004619284600F00AF8B44208BFF8BD12
:1006B000A21B31463868BDE8F84000F01BB80021A5
:1006C0000160C0E9011070471020704710B500F0BC
:1006D0000DF8006810BD10B5044600F007F804607E
:1006E00010BD000000487047D82200200048704725
:1006F000D8220020034640688C46002818BF884254
:100700003CBF03464068F8D318681844884207D0B5
:100710000CF1030020F00700001D411A521A014697
:10072000081D0A60FFF7F3BD10B500F039F8BDE809
:10073000104000F02FB870477546FFF7D3FFAE4664
:1007400005006946534620F00700854618B020B5DD
:10075000FFF79CFDBDE820404FF000064FF000077A
:100760004FF000084FF0000B21F00701AC46ACE859
:10077000C009ACE8C009ACE8C009ACE8C0098D46C6
:10078000704710B50446AFF300802046BDE8104026
:10079000FFF767BD002801D000F02AB870470000BD
:1007A00010B5012805D0002103A000F027F8012092
:1007B00010BD09A1F8E7000053494752544D454D7B
:1007C0003A204F7574206F662068656170206D65F2
:1007D0006D6F7279000000003A2048656170206DED
:1007E000656D6F727920636F7272757074656400E5
:1007F00001491820ABBEFEE72600020070B5054691
:100800000C460A2000E06D1C00F011F835B1287884
:100810000028F8D102E0641C00F009F814B1207837
:100820000028F8D1BDE870400A20AFF3008008B579
:1008300069468DF800000320ABBE08BDCA430260C4
:10084000704721B1826842F00102826003E0826851
:1008500022F00102826070470021084A1168084AAC
:100860001140D0E900231A4383681A43C3681A432E
:100870001143044AC2F804137047000004230140E6
:10088000E030FCFF0020014021B1826842F4807218
:10089000826003E0826822F480728260704721B136
:1008A000826842F40072826003E0826822F400727F
:1008B0008260704730B50246002000235068104C1B
:1008C00020400D790C6844EA05242043506090686C
:1008D0000C4C2040D1E903542C438D682C434D79B6
:1008E00044EA450420439060D06A20F470000C7DF7
:1008F000641EE4B2234340EA0350D06230BD0000DE
:10090000FFFEFFFCFDF7FFC0F0B504460D460020DA
:100910000021092D11DDE068A5F10A0606EB460766
:10092000072606FA07F18843A5F10A0606EB4606F4
:1009300003FA06F10843E0600CE0206905EB450787
:10094000072606FA07F1884305EB450603FA06F188
:1009500008432061072A0FDA606B561E06EB8607F4
:100960001F2606FA07F18843561E06EB860605FA8F
:1009700006F10843606322E00D2A0FDA206BD61FD0
:1009800006EB86071F2606FA07F18843D61F06EBFB
:10099000860605FA06F10843206310E0E06AA2F13A
:1009A0000D0606EB86071F2606FA07F18843A2F11B
:1009B0000D0606EB860605FA06F10843E062F0BD77
:1009C000816841F0804181607047000038B108497A
:1009D000096841F40001074AC2F8041306E004491B
:1009E000096821F40001034AC2F8041370470000AB
:1009F000042301400020014000BFFEE710B522495A
:100A0000224800F069F9012818D14FF0FA511F4827
:100A100000F068F81C491D4800F07EF800211C48D1
:100A200000F067FC01211A4800F0B8FC00211748CB
:100A300000F08CF801201749087010BD16491348C2
:100A400000F04AF901281DD14FF0FA510F4800F08B
:100A500049F811490D4800F05FF800210C4800F0FA
:100A600048FC01210A4800F099FC0021074800F0E9
:100A70006DF80A480A490A68026089888180012065
:100A80000849087000BFD8E70020001258600240F3
:100A90000058004089010020008000188A010020D1
:100AA000900100208801002010B50249024809F099
:100AB000A6FC10BD208000202C18002010B5024993
:100AC000024809F09CFC10BD00802020541B00202F
:100AD00010B50249024809F092FC10BD00800028C0
:100AE000C41F00200246094B9A4201D2084801E087
:100AF0000648103801F000531BB1064B0B40C36091
:100B000002E0044B0B408360704700001064024019
:100B1000006002407D0F7D0F0246094B9A4201D2D0
:100B2000084801E00648103801F000531BB1064B9D
:100B30000B40C36002E0044B0B4083607047000031
:100B400010640240006002407D0F7D0F21B10268F9
:100B500042F00102026003E0026822F0010202603A
:100B600070470000016821F001010160002101606F
:100B700041608160C1600161212141614A4988422F
:100B800004D13D21484A103A91608CE04649183121
:100B9000884205D14FF47461434A103A916082E073
:100BA00041493031884205D14FF474113E4A103A20
:100BB000916078E03C494831884205D14FF074613A
:100BC000394A103A91606EE037496031884204D169
:100BD0003649354A103AD16065E033497831884268
:100BE00004D13349304A103AD1605CE02E4990314B
:100BF000884204D12F492C4A103AD16053E02A4947
:100C0000A831884205D14FF03D51274A103AD160B2
:100C100049E02949884204D13D21274A083A116018
:100C200041E025491831884205D14FF47461224AC8
:100C3000083A116037E020493031884205D14FF43D
:100C400074111D4A083A11602DE01B494831884251
:100C500005D14FF07461184A083A116023E0164933
:100C60006031884204D11149134A121F11601AE001
:100C700011497831884204D10D490F4A121F116081
:100C800011E00D499031884204D10A490A4A121FE5
:100C9000116008E00849A831884204D14FF03D5165
:100CA000054A121F11607047106002403D0000208D
:100CB000400F002000003D2010640240014600204B
:100CC0000A6802F001020AB1012000E0002070472A
:100CD0000146486880B2704770B502460020002483
:100CE0000025124EB24201D2114B01E00F4B103BD6
:100CF000104E0E4036B11E2606EAD124166806EACA
:100D0000040502E0566906F0800501F000560EB1B8
:100D10005C6800E01C68084E344004EA010616B125
:100D20000DB1012000E0002070BD00001064024001
:100D3000006002403C0F3C0F7D0F7D0F10B501F0AD
:100D400080034BB122B1436943F08003436103E068
:100D5000436923F08003436180290BD02AB10368E3
:100D600001F01E042343036004E0036801F01E0445
:100D7000A343036010BD000010B500220268134BAE
:100D80001A40CC680B6823434C6923438C69234386
:100D9000CC6923430C6A23434C6A23438C6A234364
:100DA0004C6B23438C6B23431A430260426922F04D
:100DB0000702D1E90B3423431A4342610B694360B4
:100DC0004B6883608B68C36010BD00003F801CF0DF
:100DD000416070477047000001490860704700009B
:100DE000143C0140002123498279002A3AD00A4666
:100DF000126803689A430B461A600A1D126803685A
:100E00009A430B1D1A60027911440A6803681A4359
:100E10000A60184A0832126803689A43154B08336F
:100E20001A601A1D126803689A43124B0C331A6039
:100E30004279102A0ED11A1F126803681A430D4B0B
:100E400008331A601A1D126803681A43094B0C33E1
:100E50001A600DE00749427911440A6803681A4391
:100E60000A6005E0027911440A6803689A430A603F
:100E700070470000003C01400149086070470000D5
:100E80000C3C024070B504460A460026092502B90A
:100E900009E0012A01D1160205E0022A01D1160259
:100EA00001E04FF4407600F0B1F80546092D28D155
:100EB0001548006820F4407013490860084600682F
:100EC000304308600846006820F0F80008600846D3
:100ED000006844F0020108430B49086008460068B6
:100EE00040F48030086000F091F80546064800683C
:100EF00020F00200044908600846006820F0F8006D
:100F00000860284670BD0000103C024001460020E9
:100F1000034A12680A400AB1012000E0002070472D
:100F20000C3C024009201349096801F48031B1F5F5
:100F3000803F01D101201CE00E49096801F0100139
:100F400009B1062015E00B49096801F4807109B167
:100F500002200EE00749096801F0EF0109B10720FE
:100F600007E00449096801F0020109B1082000E026
:100F7000092070470C3C02400348006840F00040E4
:100F80000149086070470000103C024030B502463D
:100F90000C46092500F03AF80546092D19D10E48EE
:100FA000006820F440700C4908600846006840F46E
:100FB000007008600846006840F001000860146096
:100FC00000F024F805460448006820F001000249BA
:100FD0000860284630BD0000103C0240014A1070F5
:100FE00070470000003C02400548006800F00040E7
:100FF00028B1044802490C3908600348086070476A
:10100000103C024023016745AB89EFCD08B50920AC
:101010000090FFF787FF009002E0FFF783FF00904A
:101020009DF800000128F8D09DF8000008BD0000E0
:1010300010B504464148844208D10121084600F019
:10104000C9FA0021012000F0C5FA76E03C4884424C
:1010500008D10121022000F0BDFA0021022000F099
:10106000B9FA6AE03748844208D10121042000F02F
:10107000B1FA0021042000F0ADFA5EE0324884426B
:1010800008D10121082000F0A5FA0021082000F075
:10109000A1FA52E02D48844208D10121102000F02D
:1010A00099FA0021102000F095FA46E02848844281
:1010B00008D10121202000F08DFA0021202000F02D
:1010C00089FA3AE02348844208D10121402000F007
:1010D00081FA0021402000F07DFA2EE01E48844273
:1010E00008D10121802000F075FA0021802000F055
:1010F00071FA22E01948844208D10121801500F0DC
:1011000069FA0021A01500F065FA16E0144884423F
:1011100008D10121401500F05DFA0021601500F0B2
:1011200059FA0AE00F48844207D10121001500F066
:1011300051FA0021201500F04DFA10BD00000240C8
:101140000004024000080240000C0240001002406F
:101150000014024000180240001C0240002002401F
:101160000024024000280240F0B50A460021002376
:10117000002400BF3DE0012505FA01F3156805EAEA
:1011800003049C4234D105684F000326BE40B5439A
:10119000056015794E00B540066835430560157940
:1011A000012D02D01579022D16D185684F00032636
:1011B000BE40B543856055794E00B54086683543DD
:1011C0008560456801268E40B5434560456896793F
:1011D0008E40B6B235434560C5684F000326BE4019
:1011E000B543C560D5794E00B540C6683543C56086
:1011F000491C1029BFD3F0BDF0B5002300244D07D2
:10120000ED0E02FA05F3CE1000F1200555F8265038
:101210004E07F70E0F26BE40B543CF1000F1200653
:1012200046F82750CE1000F1200555F8265045EA23
:101230000304CE1000F1200545F82640F0BD02461B
:10124000002013690B400BB1012000E00020704723
:10125000418370470183704742694A404261704749
:1012600015E0012108200FF01DFE00BFBFF34F8FD6
:101270000748006800F4E06006490843001D04497F
:101280000860BFF34F8F00BF00BF00BFFDE7E8E776
:101290000CED00E00000FA0521B1028842F4806202
:1012A000028004E002884FF6FF331A400280704744
:1012B00070B502460024002500230020958A138B78
:1012C0001B0445EA030626F07F4404EA01068E4229
:1012D00001D1012000E0002070BD21B1028842F060
:1012E0000102028004E002884FF6FE731A40028079
:1012F000704721B1828842F40062828004E08288D3
:101300004FF2FF731A408280704721B1828842F405
:101310008052828004E082884EF6FF731A408280F9
:101320007047000010B504461348844209D10121DA
:10133000480500F07FF900214FF4001000F07AF921
:1013400018E00E48844209D10121880500F072F9A5
:1013500000214FF4800000F06DF90BE00848844252
:1013600008D10121C80500F065F900214FF4000003
:1013700000F060F910BD000000540040005800402B
:10138000005C004021B1028842F48072028004E0D7
:1013900002884FF6FF631A400280704721B102882D
:1013A00042F40072028004E002884FF6FF531A40B4
:1013B000028070470CB50246002000230193009381
:1013C00000920B0F019321F07F41019B1BB1009B09
:1013D0001433009303E0090C009B18330093009B27
:1013E0001B680B400BB1012000E000200CBD000089
:1013F0002DE9FF4704460D460026B1460427DFF8D5
:10140000CC80A6884FF6C0700640684600F042F9CE
:10141000DDF808802E48B8FBF0F01FFA80F946EAA4
:101420000906A68020884FF6FE710840208000261D
:101430002849286888420CD828684000B8FBF0F09A
:1014400087B2042F00DA04273E4309F1010020840B
:1014500027E0E8884BF6FF71884206D1286800EB48
:101460004000B8FBF0F087B209E0286800EBC0014B
:1014700001EB0010B8FBF0F087B247F48047C7F3E8
:101480000B0008B947F0010747F4004006434FF44A
:10149000967009FB00F04FF47A7190FBF1F0401C5C
:1014A0002084A683208840F00100208026884FF603
:1014B000F5300640A8886989084306432680A88934
:1014C000298908432081BDE8FF87000000127A00C7
:1014D00040420F00A0860100B1F5006F04D10288E0
:1014E00042F40062028004E002884FF2FF731A4067
:1014F000028070470146088AC0B2704712B141F0BD
:10150000010101E001F0FE01018270470182704794
:1015100000BFFEE77047000070B5002100230F22D6
:10152000C4781CB3174C246804F4E064C4F5E06488
:10153000C4F30721C1F10404E3B20A4144789C409A
:10154000E1B28478144021430C07210E0E4C05783B
:101550006155047804F01F050124AC4005786D1135
:10156000AD0005F1E025C5F8004109E0047804F07C
:101570001F050124AC40054D0678761145F826403C
:1015800070BD00000CED00E000E400E080E100E050
:10159000024A0A400243024B1A60704780FFFF1F55
:1015A00008ED00E0014908627047000000000E42AB
:1015B0007047000029B1064A12680243044B1A60C2
:1015C00004E0034A12688243014B1A60704700002E
:1015D0003038024029B1064A12680243044B1A60AF
:1015E00004E0034A12688243014B1A60704700000E
:1015F0001038024029B1064A12680243044B1A60AF
:1016000004E0034A12688243014B1A6070470000ED
:101610003438024029B1064A12680243044B1A606A
:1016200004E0034A12688243014B1A6070470000CD
:101630004038024029B1064A12680243044B1A603E
:1016400004E0034A12688243014B1A6070470000AD
:101650002038024029B1064A12680243044B1A603E
:1016600004E0034A12688243014B1A60704700008D
:101670004438024029B1064A12680243044B1A60FA
:1016800004E0034A12688243014B1A60704700006D
:1016900024380240F0B50021002200240225002653
:1016A0000223324F3F6807F00C0121B1042905D015
:1016B000082937D105E02E4F076036E02D4F07602F
:1016C00033E02A4F3F1F3F68C7F38056274F3F1F25
:1016D0003F6807F03F036EB1264FB7FBF3F7DFF823
:1016E0008CC0ACF1040CDCF800C0CCF3881C07FB08
:1016F0000CF40CE01E4FB7FBF3F7DFF870C0ACF151
:10170000040CDCF800C0CCF3881C07FB0CF4174F6A
:101710003F1F3F68C7F301477F1C7D00B4FBF5F70F
:10172000076002E0124F076000BF00BF0F4F3F6825
:1017300007F0F0010909104F7A5C0768D74047604D
:101740000A4F3F6807F4E051890A0B4F7A5C4768FB
:10175000D7408760054F3F6807F46041490B064F4B
:101760007A5C4768D740C760F0BD00000838024087
:101770000024F40000127A008002002010B5014617
:101780000022002300204A11012A02D10A4C2368BA
:1017900008E0022A03D1084C7034236802E0064CAA
:1017A0007434236801F01F02012494401C400CB1E2
:1017B000012000E0002010BD003802400021094A4D
:1017C00011701170012802D0042808D103E0012112
:1017D000044A117004E00521024A117000E000BFC4
:1017E00000BF704770380240014908607047000030
:1017F000800E474201490860704700003C0E474296
:10180000002100F44072B2F5407F08D1094A116806
:1018100021F4F811084A02401143064A1160054AB2
:1018200068321268C0F30B031A43024B68331A6024
:101830007047000008380240FFFCFF0F30B1074935
:10184000096841F00401054A116005E0034909688F
:1018500021F00401014A11607047000000080650A1
:1018600001480068704700000808065010B54FF4A2
:10187000805000F09BF828B14FF4805000F02EF813
:1018800000F00AFF4FF4005000F090F828B14FF438
:10189000005000F023F800F000FF4FF40030014941
:1018A000086010BD143C0140014600BF080900EB70
:1018B0008000420001F00F001044C0B270470146A2
:1018C000002204E0501CC2B2A1F10A00C1B20A29F0
:1018D000F8DA100741EA10607047000000210109A2
:1018E0008AB242F08002044B1B6803F0800363EA73
:1018F0000202014B1A6070470C28004008B5002214
:10190000009200200021104A126802F04002CAB979
:10191000421E0D4B1A6000BF0B4A126802F04001D4
:10192000009A521C0092009AB2F5803F01D0002923
:10193000F2D0054A126802F040020AB1012002E02A
:10194000002000E0012008BD0C280040034800688A
:1019500020F0800001490860704700000C2800401A
:1019600070B506460C4600250E4800680E4900EA90
:101970000105280CE070C5F30420607005F03F00FD
:10198000A070C5F3423020705EB9E078FFF78CFF9D
:10199000E0706078FFF788FF6070A078FFF784FF41
:1019A000A07070BD042800403FFFFF0030B5014625
:1019B0000020002200230C4C246804F004020A4C8E
:1019C000383C24680C4002EAD13544EA0503064C51
:1019D000343C246804EA11121BB194B20CB101200A
:1019E00000E0002030BD00004028004070B50646F1
:1019F0000C4600250F4800680F4900EA0105C5F3B1
:101A000005402070C5F30620607005F07F00A070CF
:101A100005F48000000CE0705EB92078FFF744FF09
:101A200020706078FFF740FF6070A078FFF73CFF00
:101A3000A07070BD002800407F7F7F00CA22174B36
:101A40001A6053221A6091B1144A1C3A126820F0AD
:101A500004031A43114B1C3B1A60104A1C321268D3
:101A600000F004031A430D4B1C331A6011E00B4ABB
:101A70001C3A126820F004039A43084B1C3B1A607E
:101A8000064A1C32126800F004039A43034B1C33CD
:101A90001A60FF22014B1A607047000024280040A2
:101AA00030B504460025CA20154908605320086057
:101AB000FFF724FF00B91DE011481C38006820F032
:101AC00040000F491C390860084600682168084337
:101AD0000B491C3908600A491439A0680860084697
:101AE0000068A18840EA0140054914390860FFF701
:101AF0002DFF0125FF2002490860284630BD000067
:101B00002428004008B501460020009004480090B9
:101B1000009800EB810000900098006808BD00006C
:101B2000502800402DE9F04105460C4600260027CC
:101B30004DB9607800F01000102804D1607820F0D2
:101B400010000A30607005B908E06078FFF7ACFE5D
:101B50000646A078FFF7A8FE064600BF55B1E0781C
:101B60000004617840EA0120A1780843217840EA26
:101B7000413611E0E078FFF7A2FE4FEA00486078B6
:101B8000FFF79DFE48EA0028A078FFF798FE48EA94
:101B90000008207848EA4036CA20124908605320DD
:101BA0000860FFF7ABFE08B9002714E00E4830408C
:101BB0000C4920390860FFF7C9FE0A481C38006844
:101BC00000F0200030B900F09FF808B9002702E0CB
:101BD000012700E00127FF20024908603846BDE8E0
:101BE000F0810000242800403FFFFF002DE9F04174
:101BF00005460C46002600274DB92E48006800F027
:101C0000400000B102E00020E07000BF0DE0294874
:101C1000006800F0400020B12078FFF745FE06463E
:101C200002E00020E07000BF00BF55B12078000442
:101C3000617840EA0120A1780843E17840EA014652
:101C400011E02078FFF73BFE4FEA00486078FFF78D
:101C500036FE48EA0028A078FFF731FE48EA00087F
:101C6000E07848EA0046CA2012491C310860532037
:101C70000860FFF743FE08B9002713E00E48304024
:101C80000C4908390860FFF761FE0A48006800F057
:101C9000200030B900F038F808B9002702E0012729
:101CA00000E00127FF2003491C3108603846BDE8E9
:101CB000F0810000082800407F7F7F00CA21054A8C
:101CC000116053211160034910390860FF21116030
:101CD000704700002428004010B54FF48040FFF703
:101CE00065FE48B14FF48040FFF7F8FD4FF48000E7
:101CF000FFF772F800F0DCFE4FF480000149086045
:101D000010BD0000143C014008B5002200920020E4
:101D10000021CA22134B1A6053221A60114A183A42
:101D2000126822F0A0020F4B183B1A6000BF0D4A48
:101D3000183A126802F02001009A521C0092009A90
:101D4000B2F5003F01D00029F1D0064A183A1268D6
:101D500002F020020AB1012000E00020FF22014B26
:101D60001A6008BD24280040CA210A4A1160532184
:101D7000116008491C39096821F00701054A1C3A1D
:101D800011601146096801431160FF21014A116089
:101D9000704700002428004008B500220092044A41
:101DA0000092009A02EB80020092009A116008BD36
:101DB0005028004018B1FF21044A116004E0CA21F4
:101DC000024A11605321116070470000242800402E
:101DD000704700000CB50020019000903448006866
:101DE00040F480303249086000BF3148006800F498
:101DF000003000900198401C0190009818B901989B
:101E0000B0F5A04FF1D12A48006800F4003010B1BD
:101E10000120009001E0002000900098012846D1A8
:101E200023484030006840F080502149403108602C
:101E30002048006840F440401E4908601C480830B3
:101E400000681B49083108600846006840F40040FB
:101E500008600846006840F4A05008601648091F52
:101E60000860081F006840F08070091F086000BF0C
:101E70000F48006800F000700028F9D040F20570AB
:101E80000E4908600A480830006820F0030008493D
:101E9000083108600846006840F00200086000BF92
:101EA00003480830006800F00C000828F8D10CBD89
:101EB000003802400070004008544007003C0240D7
:101EC0007047000070B50020002202230024022188
:101ED000274D2D6805F00C0020B1042806D00828F5
:101EE00034D107E0234D244E356033E0234D224E9C
:101EF00035602FE01E4D2D1F2D68C5F380541C4DFD
:101F00002D1F2D6805F03F0154B11C4DB5FBF1F5B7
:101F1000174E361F3668C6F3881605FB06F209E031
:101F2000144DB5FBF1F5124E361F3668C6F3881610
:101F300005FB06F20E4D2D1F2D68C5F301456D1CE6
:101F40006B00B2FBF3F50C4E356003E0094D0A4E11
:101F5000356000BF00BF064D2D68C5F30315084E60
:101F6000705D054D2D68C540034E356070BD0000A5
:101F7000083802400024F4009002002000127A0089
:101F80009402002010B51548006840F47000134911
:101F900008601348006840F0010011490860002003
:101FA0000F49083108600E4800680E4908400C4986
:101FB00008600D48091D0860081F006820F4802093
:101FC000091F0860002006490C310860FFF702FF76
:101FD0004FF0006001498039086010BD88ED00E0D5
:101FE00000380240FFFFF6FE1030002470B52DEDE2
:101FF000048B0121944800F0ABFA002875D0934877
:10200000006820F080008030904908600846008811
:10201000C0F3C020002869D108460068C0F3805092
:10202000002863D08A480078002877D1894890ED4D
:10203000EA0AD0EDEF0A30EE600A10EE101A0846F8
:102040000FF0FAFE41EC190BB0EE490AF0EE690A06
:1020500001F07AFDB0EE408AF0EE608A9FED7E0BD3
:1020600053EC102B51EC180B0FF094FC62D27C480F
:10207000007800285ED1774890EDEF0AD0EDEA0AAB
:10208000B4EEE00AF1EE10FA01DD012000E00020DC
:102090000446704890EDEF0AD0EDEA0AB4EEE00A8B
:1020A000F1EE10FA01D2012000E000200546694857
:1020B00090EDEA0AD0ED270AB4EEE00AF1EE10FA4C
:1020C00004DB1CB100200DF037FE32E0614890EDDA
:1020D000EA0AD0ED2C0AB4EEE00AF1EE10FA06D8C6
:1020E0002DB100200DF028FE23E0AAE080E0594841
:1020F00090EDEA0AD0EDEF0AB4EEE00AF1EE10FA44
:102100000DDD014691ED720AB1EE400ABDEEC00A46
:1021100010EE101A48B20DF00FFE0AE04BE04D49E8
:1021200091ED720ABDEEC00A10EE101A48B20DF021
:1021300003FE00BF474890EDEA0AD0EDEF0A30EE0B
:10214000600A10EE101A08460FF076FE41EC190BEB
:10215000B0EE490AF0EE690A01F0F6FCB0EE408AF2
:10216000F0EE608A9FED3C0B53EC102B51EC180BFA
:102170000FF02EFA03D93A48007801281ED1012029
:102180003749087000200DF0D7FD30480088C0F3B3
:10219000403098B12D48006820F400502B49086069
:1021A00008F0D8F82F48007840B100202D49087079
:1021B0000EF0D0FC02E000200DF0BEFD254890EDB1
:1021C000A90ABCEEC00A10EE100AC0B208B107F0AE
:1021D00063FA204890EDAE0ABCEEC00A10EE100A79
:1021E000C0B250B31A48007838BB07F00BF924E0AE
:1021F00000200DF0A1FD00201B490880154890ED3E
:10220000EA0A1A4880ED000A0020114908701849AE
:1022100008809FED180A184880ED000A0020174931
:10222000088017490880174908701749087007483F
:10223000006820F40050054908600121024800F0C0
:10224000AFF8BDEC048B70BD000400403C010020E1
:102250002C010020E0100020000000000000F03FF2
:102260003801002014010020220100202801002054
:102270002E0100200000000030010020200100207D
:102280001C0100201E0100201F01002010B50121AB
:10229000044800F05DF918B10121024800F080F80F
:1022A00010BD00000008004010B52DED028B01218B
:1022B0002E4800F04DF9002855D02D480068401CEC
:1022C0002B49086007F0CCFC294800681421B0FBBA
:1022D000F1F201FB120008B90CF064FB244800681D
:1022E0003221B0FBF1F201FB120028B94AF6AA2014
:1022F0002049086007F006FB1D4800684FF47A711A
:10230000B0FBF1F201FB120058B900211A4800F0AD
:10231000FDF907F055F907F057F807F0A9FA07F0AB
:1023200069FB1348006841F27071B0FBF1F201FBE8
:10233000120008B907F026F80D4800680FF034F9CC
:1023400041EC180B9FED0D0B53EC102B0FF07CF8AC
:1023500005D101200B4908700020054908600121C2
:10236000024800F01DF8BDEC028B10BD00140040C7
:102370006401002000300040B00200200000000096
:1023800000F925414D01002021B1028842F0800270
:10239000028004E002884FF67F731A400280704783
:1023A000CA430282704721B1028842F001020280D2
:1023B00004E002884FF6FE731A4002807047000066
:1023C00010B504465548844208D101210846FFF75C
:1023D00051F900210120FFF74DF99DE0B4F1804F44
:1023E00008D101210846FFF725F900210120FFF758
:1023F00021F991E04A48844208D101210220FFF7E7
:1024000019F900210220FFF715F985E045488442BB
:1024100008D101210420FFF70DF900210420FFF766
:1024200009F979E04048844208D101210820FFF7EA
:1024300001F900210820FFF7FDF86DE03B488442D8
:1024400008D101211020FFF7F5F800211020FFF737
:10245000F1F861E03648844208D101212020FFF7DD
:10246000E9F800212020FFF7E5F855E031488442E3
:1024700008D101210220FFF7FDF800210220FFF71B
:10248000F9F849E02C48844209D101210804FFF7FA
:10249000F1F800214FF48030FFF7ECF83CE02748DA
:1024A000844209D101214804FFF7E4F800214FF4E8
:1024B0000030FFF7DFF82FE02148844209D10121E5
:1024C0008804FFF7D7F800214FF48020FFF7D2F8F7
:1024D00022E01C48844208D101214020FFF7AAF8DD
:1024E00000214020FFF7A6F816E01748844208D1E3
:1024F00001218020FFF79EF800218020FFF79AF845
:102500000AE01248844207D101218015FFF792F8B2
:102510000021A015FFF78EF810BD0000000001405B
:102520000004004000080040000C00400010004083
:1025300000140040000401400040014000440140FC
:102540000048014000180040001C004000200040EE
:1025500030B50246002000230024158A05EA010355
:10256000958905EA010413B10CB1012000E00020B7
:1025700030BD1AB183890B43838102E083898B4389
:102580008381704770B5002400220023058C4FF62C
:10259000FE7635400584028C8388048B4FF68F7558
:1025A0002C40B51E2C400D882C43751E2A408D8969
:1025B0002A434D882A43104DA84202D00F4DA8420D
:1025C00013D14FF6F7752A40CD892A434FF6FB7594
:1025D0002A408D882A434FF6FF652B404FF6FF5562
:1025E0002B400D8A2B434D8A2B43838004838D68B7
:1025F0004563028470BD00000000014000040140FA
:102600000A460021018B4FF6F773194011430183ED
:102610007047000000220288184B98420ED0184BD9
:1026200098420BD0B0F1804F08D0164B984205D09D
:10263000154B984202D0154B984204D14FF68F7338
:102640001A404B881A43124B984207D0114B9842BC
:1026500004D04FF6FF431A400B891A4302804B689F
:10266000C3620B880385054B984202D0044B984205
:1026700001D18B7A038601238382704700000140D9
:10268000000401400004004000080040000C00402D
:1026900000100040001400407047704770B50446B9
:1026A0006CB90120FFF7A0F800BF6120FFF766F8C2
:1026B0000028FAD04FF40070FFF7A2F815E0012CC3
:1026C00013D10120FFF77AF8052503E06D1EC8201D
:1026D00007F066FD4120FFF751F808B9002DF5DC41
:1026E0004FF48070FFF78CF800BF0120FFF782F8ED
:1026F0000020FFF75FFBFFF707FB0120FFF75AFB06
:1027000041F234211320FFF747FB70BD70B504463A
:102710000D4625B918490020FFF768F903E016496E
:102720000120FFF763F9144800786071124840787F
:10273000207111488078207010480068608025B9A9
:102740000F490020FFF70CF903E00D490120FFF7C6
:1027500007F90B48C0786072094840782072084831
:102760008078E07106480078A071204600F096F865
:102770000646E66070BD0000D0000020282800401A
:10278000D400002030B5C1603C23B1FBF3F403FB5F
:10279000141303703C23B1FBF3F1B1FBF3F403FB1F
:1027A000141303713C23B1FBF3F11823B1FBF3F4D1
:1027B00003FB141343711823B1FBF3F1CB1C072463
:1027C000B3FBF4F504FB15335B1C837140F2B2726A
:1027D00023E0D41702EB9474A410A2EB84042CB968
:1027E000642492FBF4F504FB152434B94FF4C87447
:1027F00092FBF4F504FB152434B9B1F5B77F02D38D
:10280000A1F5B77107E009E0B1F5B67F02D9A1F2F1
:102810006D1100E002E0531C9AB2DAE700BFA2F5A6
:10282000FA634372002303722CE0D41702EB947412
:10283000A410A2EB84042CB9642492FBF4F504FBED
:10284000152434B94FF4C87492FBF4F504FB152435
:1028500054B9047A104B1B5D8B4204D8047A0E4B9A
:102860001B5DC91A0BE010E0037A0B4C0C3CE35CD7
:102870008B4203D8037AE35CC91A00E005E0037ACF
:102880005B1C0372037A0C2BCFDB00BF037A5B1C4B
:1028900003724B1CC37130BDF0000020F0B503463D
:1028A00000240025587A00F5FA6240F2B2708242A4
:1028B00001DA0020F0BD40F2B2711CE00846CE17EC
:1028C00001EB9676B610A1EB86062EB9642691FB35
:1028D000F6F706FB171636B94FF4C87691FBF6F7F4
:1028E00006FB171616B94FF4B77601E040F26D16E5
:1028F0003444481C81B29142E0DB012121E01046C2
:10290000D61702EB9676B610A2EB86062EB9642691
:1029100092FBF6F706FB172636B94FF4C87692FB02
:10292000F6F706FB17260EB9012600E0002606EB97
:102930004606104F07EB86074E1EBE5D3444481C0A
:1029400081B2187A8842DADCD879401E04440A48F9
:1029500004FB00F55879C0EB4016C6EB002005EBF0
:1029600000151879C0EB001005EB800518780544B8
:1029700028469FE7E4000020805101007FB504460F
:10298000012601210807FEF745FE0120FEF70AFE99
:102990001320FFF7B7F8054644F2213085421AD1DB
:1029A0003749086014B90020FFF778FE0020FFF7D0
:1029B00001FAFFF7A9F90120FFF7FCF94FF4804075
:1029C000FEF78CFF4FF480002E4908600021684616
:1029D000FFF79CFE3DE041F2342085421AD12849A0
:1029E000086014B90020FFF759FE0020FFF7E2F954
:1029F000FFF78AF90120FFF7DDF94FF48040FEF779
:102A00006DFF4FF480001F49086000216846FFF702
:102A10007DFE1EE000201A49086000262046FFF7D0
:102A20003DFE01208DF807008DF806008DF80800A6
:102A300000208DF809008DF805008DF804008DF850
:102A400000000021684600F035F841F234200C49BE
:102A5000086000210C48FFF759FE0B4880790B49AC
:102A600008700948007A0A4908700748407A0949FD
:102A7000087016B9002004B070BD01480068FAE77C
:102A8000CC000020143C0140B0020020C80000200F
:102A9000C9000020CA0000200146122901DD0020E3
:102AA000704702488A0050F82200F9E75028004099
:102AB000704700007FB504460D46012D54D1E079E2
:102AC00000F00F00E179090901EB810100EB410001
:102AD000C0B28DF80700207A00F00F00217A0909B2
:102AE00001EB810100EB4100C0B28DF80800607A73
:102AF00000F00F00617A090901EB810100EB410050
:102B0000C0B28DF80900607900F00F006179090901
:102B100001EB810100EB4100C0B28DF80500207986
:102B200000F00F002179090901EB810100EB410060
:102B3000C0B28DF80400207800F00F002178090958
:102B400001EB810100EB4100C0B28DF80000A079DB
:102B500000F00F00A179090901EB810100EB4100B0
:102B6000C0B28DF8060014E0E0798DF80700207AF5
:102B70008DF80800607A8DF8090060798DF80500FD
:102B800020798DF8040020788DF80000A0798DF868
:102B900006009DF8091063294EDC9DF80810E9B382
:102BA0009DF808100C2947DC9DF80710B1B39DF87B
:102BB000091001F5FA60C11700EB91718910A0EBC3
:102BC000810149B99DF8091001F5FA61642291FB70
:102BD000F2F302FB131151B99DF8091001F5FA61E6
:102BE0004FF4C87291FBF2F302FB131109B90121F2
:102BF00000E0002101EB41012E4A02EB81029DF829
:102C00000810491E515C9DF80720914214DB9DF885
:102C10000510172910DC9DF8041000E00CE03B299A
:102C20000ADC9DF800103B2906DC9DF8061019B15E
:102C30009DF80610072902DD002004B070BD607900
:102C40001D4908702079487020788870E0791B4908
:102C50008870207A4870607AC870A0790870002067
:102C6000174908601F20486040F2FF30886008461E
:102C7000FEF716FF012D04D10F490120FEF7B6FF24
:102C800003E00D490020FEF7B1FF012D04D10B49EF
:102C90000120FEF747FF03E008490020FEF742FF4E
:102CA0000848006820B144F221311320FFF774F87E
:102CB0000120C2E7E4000020D0000020D400002062
:102CC000A4020020CC000020122800DD7047034A37
:102CD000830042F8231000BFF8E7000050280040AE
:102CE00010B50146002000222F4B1B6803F0005353
:102CF00033B101202C4B1B6843F080732A4C2360B6
:102D000045F25553294C23600B2902DB07236360EE
:102D100002E00323254C636009B9052239E001294B
:102D200001D10A2235E0022901D10F2231E0032925
:102D300001D11F222DE0042901D13D2229E00529DE
:102D400001D17B2225E0062901D1FF2221E00729BC
:102D500002D140F2FF121CE0082902D140F2FF32FA
:102D600017E0092902D140F2FF7212E00A2902D1CC
:102D700040F6FF720DE00B2902D140F2FF3208E06D
:102D80000C2902D140F2FF7203E00D2901D140F677
:102D9000FF72064B9A604AF6AA23044C23604CF655
:102DA000CC43236010BD0000743802400030004066
:102DB00010B5034B034A0449044807F096FB10BDC5
:102DC00015FD010840600240004C00402C18002016
:102DD00010B5034B034A0449044807F086FB10BDB5
:102DE00061FC01088864024000100140C41F0020FB
:102DF00010B5034B034A0449044807F076FB10BDA5
:102E000085FC01088860024000440040541B0020FB
:102E100001F40072B2F5007F00D100BFCA43028006
:102E2000704721B1828942F40052828104E0828994
:102E30004DF6FF731A40828170471AB1838A0B43A3
:102E4000838202E0838A8B438382704710B50446F5
:102E50003248844208D101211020FEF70BFC0021EA
:102E60001020FEF707FC57E02D48844209D10121CC
:102E70004804FEF7DFFB00214FF40030FEF7DAFBD9
:102E80004AE02848844209D101218804FEF7D2FB98
:102E900000214FF48020FEF7CDFB3DE02248844224
:102EA00009D10121C804FEF7C5FB00214FF4002021
:102EB000FEF7C0FB30E01D48844209D1012108051E
:102EC000FEF7B8FB00214FF48010FEF7B3FB23E0C0
:102ED0001748844208D101212020FEF7CBFB0021B6
:102EE0002020FEF7C7FB17E01248844209D10121D8
:102EF0008807FEF79FFB00214FF08040FEF79AFB0A
:102F00000AE00D48844207D101214005FEF792FBFB
:102F100000216005FEF78EFB10BD0000001001408F
:102F20000044004000480040004C00400050004079
:102F30000014014000780040007C00400246002060
:102F4000B1F5007F00D100BF13880B400BB1012009
:102F500000E00020704770B50246002400230025E1
:102F6000002040F66A16B14200D100BFC1F34215FD
:102F700001F01F03012606FA03F3012D02D1968901
:102F8000334006E0022D02D1168A334001E0968AD2
:102F900033400C12012606FA04F41688344013B1AB
:102FA0000CB1012000E0002070BDF0B50346002404
:102FB00000260025002040F66A17B94200D100BF64
:102FC0001846C1F3421401F01F06012707FA06F55F
:102FD000012C01D10C3004E0022C01D1103000E0B2
:102FE00014301AB107682F43076002E00768AF4347
:102FF0000760F0BD2DE9FF4705460E460024A146B7
:1030000000BFA046B08900B100BF2C8A24F4405410
:10301000F08804432C82AC8941F20C608443B08870
:1030200031890843718908430443AC81AC8A24F494
:103030004074B0890443AC826846FEF72BFB2048FD
:10304000854202D01F48854202D1DDF80C9001E094
:10305000DDF80890A88900F4004040B109EBC900F0
:1030600000EB091031684900B0FBF1F707E009EB0C
:10307000C90000EB091031688900B0FBF1F764204A
:10308000B7FBF0F004012009642101FB1078A88946
:1030900000F4004040B1322000EBC800B0FBF1F07A
:1030A00000F00700044308E0322000EB0810642120
:1030B000B0FBF1F000F00F0004432C81BDE8FF8766
:1030C000001001400014014000BFFEE703B4019866
:1030D0004100009850EAC12018BF04204A0D18BFD3
:1030E00040F0010040F2FF72B2EB515F08BF40F0C8
:1030F0000200012808BF052002B070474100080205
:1031000018BF04200A0E18BF40F001004FF07F42A4
:1031100032EA010108BF40F00200012808BF052083
:1031200070470146C1F3C750FF2801D00120704706
:103130000020FCE7002807DB00F01F02012191407E
:10314000024A430942F823107047000080E200E081
:10315000BFF34F8F0648006800F4E060054908435C
:10316000001D03490860BFF34F8F00BF00BFFDE79C
:103170000CED00E00000FA0510B5B94A2DED020B88
:103180002DED0C8B82B00F9921F000409FEDB6CB56
:1031900090422CDBA0F140530E9AA3F17F631A43B7
:1031A0000FD0B349884202DC16D10E98A0B19DED34
:1031B0000E0B02B0BDEC0C8B02B0BDE8104002F06B
:1031C00037BE0029C1BF9FEDAC0B02B0BDEC0C8B2C
:1031D00002B0C8BF10BD16E00120FDF77CFA02B0B6
:1031E000BDEC0C8B02B0BDE8104002F035BEA44A25
:1031F0009FEDA59B9FEDA6AB90425EDAA6499FEDA1
:10320000A8CB814208DBB0EE4C0AF0EE6C0A02B0AB
:10321000BDEC0C8B02B010BD9DED0E0B53EC102BD2
:1032200051EC100B0EF010FA41EC180B9E480621E1
:10323000B0EE480AF0EE680A784402F025FB53EC41
:10324000182B51EC100B0EF0FFF941EC1B0B9748BB
:10325000B0EE480AF0EE680A0421784402F014FB4C
:1032600053EC182B51EC100B0EF0EEF953EC192B1C
:103270000DF0D6FE41EC100B51EC1B0B53EC102B58
:103280000DF08AFF41EC100B53EC102B9DED0E0B53
:1032900051EC100B0EF0D8F953EC1A2B0EF00AFC7F
:1032A0009DED0E1B53EC112B0EF004FC53EC1C2B6C
:1032B0000EF000FC41EC100BA9E79FED7D8B9FED1C
:1032C0007EBB9DED0E0B002953EC192B51EC100B1E
:1032D00052DA0DF0A5FE53EC182B0EF0B5F941ECC7
:1032E000180B77480621B0EE480AF0EE680A7844D9
:1032F00002F0CAFA53EC182B51EC100B0EF0A4F9A3
:1033000041EC1D0B6F48B0EE480AF0EE680A04214C
:10331000784402F0B9FA53EC182B51EC100B0EF074
:1033200093F953EC192B0DF07BFE41EC190B51EC8A
:10333000180B0DF04DFA41EC180B53EC192B51EC16
:103340001D0B0DF029FF53EC182B0EF07DF953ECFB
:103350001A2B0EF087FC41EC100B51EC180B53ECC0
:10336000102B0DF05DFE53EC1B2B0EF06DF953ECA2
:103370001C2B0EF09FFB6DE00EF09CFB53EC182B0A
:103380000EF062F941EC180B0DF022FA41EC1A0B29
:1033900000208DED00AB00909DED000B51EC1A0B61
:1033A00053EC102B0DF03CFE9DED000B41EC1C0B83
:1033B00053EC102B51EC100B0EF046F953EC182B7C
:1033C0000EF078FB53EC1C2B0DF0E6FE41EC1C0BD1
:1033D0003D48B0EE480AF0EE680A0621784402F053
:1033E00053FA53EC182B51EC100B0EF02DF941EC65
:1033F0001D0B3648B0EE480AF0EE680A0421784406
:1034000002F042FA53EC182B51EC100B0EF01CF9A1
:1034100053EC192B0DF004FE41EC100B51EC1D0B7D
:1034200053EC102B0DF0B8FE53EC1A2B0EF00CF9E8
:1034300053EC1C2B0DF0F4FD41EC100B53EC102B56
:103440009DED000B51EC100B0DF0EAFD53EC1B2B26
:103450000EF0FAF841EC100BD9E600000000000075
:103460000000F03F00000000182D4454FB210940EB
:103470000000F07F000000000000000000000000DD
:103480000000E03F00000000000000000000F03FEE
:10349000075C143326A6913C0000603C000000004D
:1034A000182D4454FB21F93FDCEE0000EAEE000049
:1034B000000000000000E03F0000000000000040AD
:1034C00026EE000034EE000038ED000046ED00006E
:1034D00070B5C1482DED020B2DED0E8B82B0119D04
:1034E00025F000449FEDBEDB9FEDBFEB84423EDB49
:1034F000A4F140511098A1F17F6108430FD0BC485E
:10350000844202DC28D1109830B39DED100B02B03C
:10351000BDEC0E8B02B0BDE8704002F089BC9DEDA1
:10352000100B53EC1D2B51EC100B0EF08DF89DED94
:10353000100B41EC180B53EC1E2B51EC100B0EF042
:1035400083F853EC182B0DF06BFD41EC100B02B01F
:10355000BDEC0E8B02B070BD0120FDF7BCF802B0CF
:10356000BDEC0E8B02B0BDE8704002F075BCA14806
:103570009FEDA18B844256DA9DED100BB4F1795F7B
:103580000ADA51EC100BFFF7A1FD042808BF02F086
:1035900083FC9DED100BDAE753EC102B51EC100B74
:1035A0000EF052F841EC190B95480621B0EE490A8D
:1035B000F0EE690A784402F067F953EC192B51ECEC
:1035C000100B0EF041F841EC1A0B8E48B0EE490A90
:1035D000F0EE690A0421784402F056F953EC192BF5
:1035E00051EC100B0EF030F853EC182B0DF018FDC9
:1035F00041EC100B51EC1A0B53EC102B0DF0CCFDE1
:10360000CDE900019DED000B53EC102B9DED100B4F
:1036100051EC100B0EF018F89DED101B53EC112B14
:103620000DF0FEFCD2E09DED100B51EC100B06F0FE
:1036300085FE53EC182B0EF03DFA9FED730BCDE990
:10364000000153EC102B9DED000B51EC100B0DF015
:10365000FBFF41EC190B6E480621B0EE490AF0EE73
:10366000690A784402F010F953EC192B51EC100B55
:103670000DF0EAFF41EC1B0B6648B0EE490AF0EE94
:10368000690A0421784402F0FFF853EC192B51EC3D
:10369000100B0DF0D9FF53EC182B0DF0C1FC41ECD1
:1036A0001C0B51EC190B0DF093F841EC180B5A4818
:1036B0009FED5BABA04222DC53EC1C2B51EC1B0BAF
:1036C0000DF06AFDCDE900019DED000B51EC180BEA
:1036D00053EC102B0DF0B8FF53EC182B0DF0A0FCA1
:1036E00053EC1A2B0DF0B0FF53EC1D2B0EF0BAFA71
:1036F00053EC1E2B0EF0DEF941EC100B5FE08DED6C
:10370000008B002000909DED000B51EC180B53EC4A
:10371000102B0DF085FC9DED000B41EC1E0B53ECC6
:10372000102B51EC100B0DF08FFF53EC192B0EF0FA
:10373000C1F953EC1E2B0DF02FFD41EC190B53EC8E
:103740001C2B51EC1B0B0DF027FD41EC1B0B53EC1C
:103750001A2B51EC190B0DF077FF53EC1D2B0EF0CB
:10376000A9F941EC190B53EC1A2B51EC180B0DF085
:103770006BFF53EC1B2B0DF067FF53EC192B0EF076
:1037800071FA9DED000B41EC180B53EC1A2B51EC28
:10379000100B0DF059FF9FED249B53EC192B0EF0ED
:1037A00089F941EC100B51EC180B53EC102B0EF077
:1037B00059FA53EC192B0EF07DF941EC100B002D4A
:1037C0003FF7C5AE51EC100B0DF0ECFB41EC100BCC
:1037D000BDE60000000000000000F03F0000000017
:1037E000075C143326A6913C182D4454FB21F93F65
:1037F0000000F07F0000E03F000000000000F03F0C
:10380000B0EB0000BEEB0000000000000000E03F55
:1038100002EB000010EB00003333EF3F000000002C
:103820000000000000000040182D4454FB21E93F37
:1038300010EE100A10B510EE901A4FF0684202EB2D
:1038400040032DED028BB3F1654F3CBF02EB41020B
:10385000B2F1654F7CD200BFC0F3C753C1F3C7526A
:103860009A1A1B2A09DD10F0004F14BF9FED6E0A53
:103870009FED6E0ABDEC028B10BD12F11A0F1BDA20
:1038800011F0004F09D010F0004F0CBF9FED680AF7
:103890009FED680ABDEC028B10BD80EE208A18EE09
:1038A000100AFFF72BFC042808BF02F023FBB0EE40
:1038B000480ABDEC028B10BD4200B2EB410F37D974
:1038C00010F0004F19BFDFED5C1A9FED5C1ADFEDC1
:1038D0005C1A9FED5C1AB0EE602A0A46F1EE400ACF
:1038E00080F00041B0EE420A10460A1A5200B2F1CE
:1038F000807F34D2484010F0004FDFED532A9FED17
:10390000533A1DBFBEEE002A71EEE21A31EE431AA1
:10391000B6EE002A04BF71EEA21A31EE031AF0EEE1
:10392000402A42EE602A40EE020A82EEA02A18E007
:1039300011F0004F04BF9FED461AF0EE411AD4D0AB
:1039400010F0004F1CBFDFED431A9FED431A00E05B
:1039500026E004BFDFED411A9FED411AC5E780EE76
:10396000202A22EE020ADFED3F0ADFED3F2ABDECFE
:10397000028B40EE202ADFED3D0A40EE220ADFED09
:103980003C2A40EE202ADFED3B0A40EE220A22EEDE
:10399000000A00EE201A31EE020A30EE210A10BDB4
:1039A0004FF07F42B2EB400F28BFB2EB410F05D280
:1039B000BDEC028BBDE8104002F088BA40EA01037A
:1039C0005B0008BF41F0FF410BD0B2EB400F08BFD6
:1039D000B2EB410F08D120F0804000EE100A21F038
:1039E000804100EE901A37E7B2EB400F12BF5FEA5A
:1039F000410240F0FF4001F000413FF42DAF4A008A
:103A000092EA40033FF528AF002AACBF9FED1A1A97
:103A10009FED1A1A20EE010A60EE810A10EE100ADC
:103A200010EE901A18E70000DB0FC9BFDB0FC93F8B
:103A3000DB0F4940DB0F49C00000C9BF22AAFDB916
:103A40000000C93F22AAFD390060ED3EC30ACE370F
:103A500000000000000049C022AA7DBA00004940D1
:103A600022AA7D3A2DAD65BD8FB8D53D0FB511BEEB
:103A700061C84C3EA8AAAABE0000804F0000802F5B
:103A800010B52F499FED2C1B2DED020B84B005982E
:103A900020F000408842D8BF9DED040B2DDD294960
:103AA000884209D1049840B94FF00100FCF713FE99
:103AB00002F0D2F906B010BD05DB9DED040B02F05B
:103AC000B7F906B010BD68469DED040B01F008FC87
:103AD00010F0030004BF9DED021B9DED000B0CD008
:103AE00001280ED09DED021B9DED000B022817D082
:103AF000012001F045FF06B010BD01F00DFE06B03B
:103B000010BD9DED021B9DED000B012001F038FF63
:103B100051EC100B0DF046FA06B041EC100B10BD45
:103B200001F0FAFD51EC100B0DF03CFA06B041EC3F
:103B3000100B10BD0000000000000000000000009D
:103B4000FB21E93F0000F07F2DED020B019820F0F2
:103B5000004001909DED000B02B070470000000096
:103B60002DE9F0412DED020B9FED3D0B2DED028B6C
:103B70009FED3D8BDDE90254C4F30A50A0F2FF36FD
:103B8000142E37DA002E18DA53EC102B9DED020BB1
:103B900051EC100B0DF044FA53EC182B0DF0FAFE1B
:103BA00057D2002CA4BF0024254652DA24F000404E
:103BB000284318BF2E4C4CD01AE02E4820FA06F7A6
:103BC00004EA070028431FD053EC102B9DED020B95
:103BD00051EC100B0DF024FA53EC182B0DF0DAFE1B
:103BE00037D2002C03DA4FF48010F0400444BC4379
:103BF00000252EE0332E07DCA6F114004FF0FF3134
:103C000021FA00F73D4206D19DED020BBDEC028B7F
:103C100002B0BDE8F08153EC102B9DED020B51EC8E
:103C2000100B0DF047FF53EC182B0DF0B3FE10D224
:103C3000002C0DDA142E08BF641C09D0C6F1340024
:103C4000012101FA00F02844A84238BF641C05464F
:103C5000BD43CDE902549DED020BD7E70000000003
:103C60009C7500883CE4377E0000000000000000E6
:103C70000000F0BFFFFF0F0010B52DED040B86B064
:103C80009DED060B10EE100A10EE901A8DED000B54
:103C9000002818BF0120084320F00040C0F17F60D9
:103CA00000F1E040C00F21D19DED080B10EE101A7D
:103CB00010EE900A8DED000B002918BF012108437A
:103CC00020F00040C0F17F6000F1E040C00F0DD156
:103CD00029490798B1EB400F04BF0698002842D04D
:103CE0000998400004BF089800283CD09DED080BBF
:103CF00053EC102B9DED060B51EC100B0DF09CFDC1
:103D0000CDE902019DED020B40F2FF7110EE900A29
:103D10008DED000B31EA105021D00798039900F087
:103D2000004001F00041884219D09DED080B8DED57
:103D3000040B9DED020B8DED000B10EE900A059922
:103D400061F31E0005909DED041B9DED020B51ECEF
:103D5000110B53EC102B0DF0ADFECDE902019DEDE2
:103D6000020B0AB010BD0120FCF7B5FC0AB0BDE89B
:103D7000104002F071B800000000E0FF00000000F9
:103D80002DE9F04D2DED040B2DED0E8B96B0DDE9F8
:103D90002550279CDDF890A025F0004624F000482F
:103DA000BAF1000F14BF0121002101EB4502FC49CB
:103DB00053184A1093422AD3002814BF012300232A
:103DC00003EB44030B44F7498B4220D358EA00012C
:103DD0009FEDF59B76D0DFF8D8B35D4503D1BAF1FE
:103DE000000F05D188E0BAF1000F08BF002100D014
:103DF000012101EB450111F5001F08D8002814BF6F
:103E00000121002101EB440111F5001F0BD99DEDAB
:103E1000261B9DED240B16B0BDEC0E8B04B0BDE847
:103E2000F04D02F00FB80027002DBCBFE1498845D6
:103E300021DAE1498845A8BF02271CDAC3451ADC0C
:103E4000DE4901EB2851142908DDC1F1340220FAC2
:103E500002F101FA02F282420DD108E058B9C1F133
:103E6000140228FA02F101FA02F2424503D101F0EC
:103E70000101C1F1020756EA0A0124D1002C22DA1D
:103E8000002D18BF022F01D0012F0AD00220FCF70D
:103E900022FC16B0BDEC0E8B04B0BDE8F04D01F075
:103EA000AFBF0220FCF717FC01F0AAFF51EC100B8A
:103EB0000DF078F841EC100B16B0BDEC0E8B04B091
:103EC000BDE8F08D18E09FEDBEAB9FEDBF8B0028E5
:103ED00071D1B848804522D105F1804010F580109D
:103EE00008BFBAF1000F07D0B3450ADC002CA8BF09
:103EF0009DED260BE0DA0DE0B0EE490AF0EE690A1E
:103F0000DAE7002C06DA9DED260B51EC100B0DF0D4
:103F100049F86FE0AE48784490ED000BCCE7D84507
:103F20004DD1002C48DA2EB186423AD1BAF1000FB9
:103F300042D126E0BAF1000F13D00220FCF7CBFBF0
:103F400001F09AFF8DED020B9DED240B8DED000B22
:103F500010EE900A039961F31E0003909DED020B91
:103F6000AAE78DED02AB9DED240B1AEE901A10EE30
:103F7000900A8DED000B61F31E0003909DED020B86
:103F80009AE78DED028B9DED240B18EE901A10EE42
:103F9000900A8DED000B61F31E0003909DED020B66
:103FA0008AE709DA9DED240B51EC190B53EC102B29
:103FB0000DF0F2F81EE020E09DED240B7CE7864238
:103FC0001BDAB4F1804F0DD0A4F10050B0F1FF50D6
:103FD00013D1002D11DB9DED240B51EC100B0CF0D7
:103FE000F7FB07E09DED240B53EC102B51EC100B6D
:103FF00000F0C2BC41EC100B5EE79DED240B51ECD0
:10400000100B06F09BF9BAF1000FCDE90E0142D179
:104010009FED710B46B3A6F1E040B0F17F600CD08C
:104020005E4538D1002D00DAA7B3022F0CBF012066
:104030004FF0FF300DF0A1FADCE7002D01DD002C80
:104040000DDA002D01DD002C1FDB002D16DA002C0F
:1040500014DB012F08BF9FED620B3FF42DAFB0EED4
:104060004A0AF0EE6A0A27E7022F18BF002D0CD08B
:10407000012F0AD1002DFFF61FAF06E0002DB8BFBB
:10408000002C08DA012F3FF417AFB0EE480AF0EE2B
:10409000680A11E71BE0012000EBE57050EA070118
:1040A00015D0791EB0EE498AF0EE698A084308BF40
:1040B0009FED4D8B4E480025804570DD4D494E48A3
:1040C000884514DDB0420DDB002C19DB2FE0012008
:1040D000FCF701FB16B0BDEC0E8B04B0BDE8F04D53
:1040E00001F0BABEB34502DC002C09DC1FE08642B9
:1040F00002DA002C1BDA03E05E452BDD002C16DD16
:104100000220FCF7E8FA01F0B7FE8DED020B53EC4C
:104110001A2B51EC180B0DF097FACDE90001039919
:10412000019861F31E0003909DED020BC4E602208E
:10413000FCF7D1FA01F0B0FE10EE901A18EE900ADA
:104140008DED020B8DED008B61F31E0003909DED54
:10415000020BB1E69DED0E0B53EC192B51EC100B3D
:104160000DF080FD9FED260BCDE9080153EC102BDF
:104170009DED080B51EC100B0DF066FA9FED221B24
:1041800053EC112B0DF096FC9DED081B53EC112BFD
:104190000DF05AFA9FED1E1B53EC112B3CE08CE006
:1041A000FFFF1F00FFFF0F00000000000000F03FB6
:1041B0000000F03F0000F07F0000404301FCFFFFE3
:1041C000000000000000F07F000000000000000080
:1041D00096E40000000000000000000000000080E5
:1041E000000000000000F0FF000000000000F0BF31
:1041F0000000E0410000F043FFFFEF3F000000003F
:10420000000000000000D03F555555555555D53F8D
:10421000000000000000E03F0DF04CFC9DED080B9D
:1042200041EC1A0B53EC102B51EC100B0DF00CFA67
:1042300053EC1A2B0DF008FA41EC1A0B9FEDFE0B14
:1042400053EC102B9DED080B51EC100B0DF0FCF90D
:1042500041EC1B0B9FEDFA0B51EC1A0B53EC102B9E
:104260000DF0F2F941EC1A0B9FEDF70B53EC102B0C
:104270009DED080B51EC100B0DF0E6F953EC1A2BE9
:104280000DF0F0FC41EC1A0B51EC1B0B53EC1A2B0C
:104290000CF0C6FE0690CDE906519DED060B53ECE1
:1042A0001B2B51EC100B0DF0DDFC53EC1A2B0DF019
:1042B00001FC41EC100B00F0A1B90020B6F5801F05
:1042C0000EDA9FEDE30B53EC102B9DED0E0B51EC32
:1042D000100B0DF0B9F9CDE90E016FF034000E4668
:1042E00000EB2650A0F2FF37C6F31300DA4940F086
:1042F0007F6646F040568842D8BF002408DDD74983
:104300008142C8BF012403DC0024A6F580167F1C6F
:10431000D348784400EBC4000F9690ED00CB9DEDA0
:104320000E0B53EC1C2B51EC100B0DF09BFC9DED78
:104330000E0B41EC1B0B53EC1C2B51EC100B0CF037
:104340006FFE41EC100B51EC190B53EC102B0CF0E1
:1043500023FF41EC1D0B51EC1B0B53EC1D2B0DF0FF
:1043600073F941EC1A0BBF488DED10AB78441095F2
:1043700090ED000B4FF0005040EA660000EB8440E7
:104380008DED080B00F5002009909DED080B53EC16
:104390001C2B51EC100B0DF065FC9DED0E1B53EC2E
:1043A000112B0DF087FB41EC100B53EC102B9DED06
:1043B000100B51EC100B0DF047F99DED080B41EC83
:1043C0001C0B53EC102B9DED100B51EC100B0DF052
:1043D0003BF953EC1B2B0DF06DFB53EC1C2B0DF03C
:1043E00041FC53EC1D2B0DF02FF941EC1C0B53EC51
:1043F0001A2B51EC1A0B0DF027F941EC1B0B9A48C4
:104400000621B0EE4B0AF0EE6B0A784401F03CFA5C
:10441000B0EE401AF0EE601AB0EE41DAF0EE61DA7A
:1044200053EC1B2B51EC1B0B0DF00EF953EC1D2B19
:104430000DF00AF99DED100B41EC1B0B53EC1A2B00
:1044400051EC100B0CF0ECFD53EC1C2B0DF0FCF8B8
:1044500053EC1B2B0CF0E4FD9DED100B41EC1B0B02
:1044600053EC102B51EC100B0DF0EEF841EC1D0B42
:104470009FED7FEB53EC1E2B0CF0D2FD53EC1B2B6E
:104480000CF0CEFD0890CDE908519DED080B53ECE2
:104490001E2B51EC100B0DF0E5FB53EC1D2B0DF01A
:1044A000E1FB53EC1B2B0DF005FB9DED080B41ECE4
:1044B0001D0B53EC102B9DED100B51EC100B0DF060
:1044C000C3F841EC1B0B53EC1A2B51EC1D0B0DF0F8
:1044D000BBF89DED080B41EC1A0B53EC102B51EC83
:1044E0001C0B0DF0B1F853EC1A2B0CF099FD41ECBC
:1044F0001A0B51EC1B0B53EC1A2B0CF091FD0C908A
:10450000CDE90C519DED0C0B53EC1B2B51EC100B1A
:104510000DF0A8FB53EC1A2B0DF0CCFA41EC1B0B61
:104520009FED550B53EC102B9DED0C0B51EC100B2C
:104530000DF08AF841EC1A0B9FED510B51EC1B0B5F
:1045400053EC102B0DF080F841EC1B0B9FED4E0B44
:1045500053EC102B9DED0C0B51EC100B0DF074F87F
:1045600053EC1B2B0CF05CFD41EC100B48487844DD
:1045700000EBC40090ED001B51EC100B53EC112B21
:104580000CF04EFD41EC1B0B38460CF0F6FFCDE96C
:10459000080153EC1B2B51EC1A0B0CF041FD41ECC4
:1045A000100B3C48784400EBC40090ED00CB51EC7C
:1045B000100B53EC1C2B0CF033FD9DED081B53EC42
:1045C000112B0CF02DFD0690CDE906519DED080B49
:1045D00053EC102B9DED060B51EC100B0DF042FB34
:1045E00053EC1C2B0DF03EFB53EC1A2B0DF03AFB59
:1045F00053EC1B2B0DF05EFA41EC100B9DED261BCE
:1046000053EC102B8DED001B00959DED260B51EC0E
:10461000100B0DF019F89DED000B41EC1A0B53EC4B
:10462000102B9DED260B51EC100B0DF01BFB9DED9F
:10463000061B53EC112B2FE0000000604715F73FDD
:10464000FE822B654715F73F44DF5DF80BAE543E05
:1046500000000000000040438E9803007AB60B0073
:10466000A2DE000040E00000DADD000000000000F3
:104670000000000000000840000000E009C7EE3F15
:10468000FD033ADC09C7EE3FF5015B14E02F3EBEA7
:1046900066DC000020DC00000CF0D6FF53EC1A2B87
:1046A0000CF0BEFC9DED060B41EC1A0B53EC102BED
:1046B0009DED000B51EC100B0CF0C6FFCDE90C0189
:1046C0009DED0C0B51EC1A0B53EC102B0CF0A8FCCD
:1046D000CDE902010C46AA498C422FDB611A08433E
:1046E00018D19DED0C0B53EC102B9DED020B51ECF2
:1046F000100B0DF0B7FA41EC1B0B9FEDA30B51EC27
:104700001A0B53EC102B0CF08BFC53EC1B2B0DF005
:1047100041F92DD20220FBF7DEFF01F0ADFB10EED8
:10472000901A18EE900A8DED020B8DED008B61F35F
:104730001E0003909DED020BFFF7BEBB944A24F0D0
:104740000041914214D39349214408437FF4EFACD4
:104750009DED0C0B53EC102B9DED020B51EC100B4F
:104760000DF080FA53EC1A2B0DF014F97FF6DFAC44
:1047700024F000408849894A002601EB20518242FA
:104780002BDA481C4FF4801121FA00F02044844AAF
:10479000C0F30A517A44A1F2FF3192ED000B814A35
:1047A0008DED080BCA4020EA0202C0F3130040F46A
:1047B0008010C1F1140120FA01F60992002CB8BF53
:1047C00076429DED080B53EC102B9DED0C0B51EC3C
:1047D000100B0DF047FACDE90C019DED0C0B51ECDF
:1047E0001A0B53EC102B0CF01BFC9FED6F0B089079
:1047F000CDE9085153EC102B9DED080B51EC100B3B
:104800000CF022FF41EC1B0B9FED690B53EC102BBE
:104810009DED080B51EC100B0CF016FF9DED0C0BF1
:1048200041EC1C0B53EC102B9DED080B51EC100BC5
:104830000DF018FA53EC1A2B0DF03CF99FED5E1BAE
:1048400053EC112B0CF000FF53EC1C2B0CF0E8FB8D
:1048500041EC1A0B51EC1B0B53EC1A2B0CF0E0FB48
:10486000CDE902019DED020B53EC1B2B51EC100B1B
:104870000DF0F8F953EC1A2B0DF01CF99DED020B1D
:1048800041EC1A0B53EC102B51EC100B0CF0DCFE2E
:10489000CDE908014A489DED080B0521784400F058
:1048A000F3FF9DED081B51EC100B53EC112B0CF09A
:1048B000CBFE9DED021B53EC112B0DF0FBF8CDE967
:1048C00006019DED020B53EC1A2B51EC100B0CF072
:1048D000BBFE53EC1A2B0CF0A3FB9FED3B0B41EC02
:1048E0001A0B53EC102B9DED060B51EC100B0DF039
:1048F000B9F99DED060B41EC1B0B53EC102B9DED14
:10490000020B51EC100B0CF09FFE53EC1B2B0CF028
:1049100043FC53EC1A2B0DF0A5F99DED021B53EC53
:10492000112B0DF09FF953EC192B0DF0C3F8CDE9C5
:10493000020101EB065001150029C8BF039015DCE8
:104940009DED020B324651EC100B0DF022FBFEF7F1
:10495000BDFB042808BF01F09FFA32469DED020B13
:1049600051EC100B0DF015FBCDE902019DED020B92
:1049700051EC180B53EC102B0CF066FEFFF73ABB12
:104980000000904000000000FE822B654715973C18
:1049900000CC904000346F3F01FCFFFF0000E03F7F
:1049A00018DC0000FFFF0F0000000000432EE63F70
:1049B000396CA80C615C20BEEF39FAFE422EE63F4E
:1049C00078D9000000000000000000000000004056
:1049D00010B510EE100A2DED068BB7EE001A10EE92
:1049E000901AB0EE418A0022A0F5000CDFEDFE9A8D
:1049F0004FF00073BCF1FE4F4FF07F4403EB410CCE
:104A000080F0B481BCF1804FC0F02082F7490144AE
:104A10009FEDF73AB1F5005F40F2D48200F58021B6
:104A2000CB0C03F00F0101EE901AC3F307137F3B89
:104A3000A0EBC350B8EEE12A00EE100A1A44DFEDF5
:104A4000ED2AF0EE411A42EE221AF0EE613A70EED3
:104A5000232A30EE632A12EE900A00F500606FF30D
:104A60000B0001EE900A73EEE13A33EE804AC1EE9C
:104A7000223A22EE230A10EE100A00F500606FF3CE
:104A80000B0000EE100A00EE612A00EE442A62EEEE
:104A9000232A70EE221A21EEA12ADFEDD73A02EE88
:104AA000233A23EE023A20EE012A22EE811A03EE87
:104AB000211A32EE010A10EE100A00F500606FF3C1
:104AC0000B0000EE100A72EE401A31EE812A9FEDC3
:104AD000CB1A60EE011A9FEDCA1A20EE011A9FED63
:104AE000C90A02EE001A31EE810A10EE100A00F532
:104AF00000606FF30B0000EE100AC34871EEC01A9D
:104B000031EE812A784400EBC10090ED003AD0EDFF
:104B1000011A100101EE100AF8EEC12A32EE211A34
:104B200031EE001A31EE031A31EE221A11EE100A9C
:104B300000F500606FF30B0009EE100A39EE621AFF
:104B400031EE431A31EE400A30EE610A32EE40AAED
:104B500010EE900A002100F500606FF30B0008EEE4
:104B6000900A084670EEE8AA4FF0000029EE280AE5
:104B700000F00C01F0EEC00A10EE900AB0F18B4F7D
:104B80000DDD10EE900AB4EB400F08D310EE100AC2
:104B90004FF08B4262F31E0008EE900A13E069EEBC
:104BA0002A0A38EEAA1A4AEE010A30EE201A11EE4D
:104BB000100A00F500606FF30B0008EE900A30EE6B
:104BC000680A70EE209A0C204FF0000038EEA90A17
:104BD000B5EEC00AF1EE10FA34BFFEEE000AF6EEB2
:104BE000000A30EE800ABDEEC00A10EE100A011174
:104BF00000EE101AF8EEC00A00EE100AB8EEC00A75
:104C000038EEC00A30EE290ADFED801A9FED801AD7
:104C100000EE211ADFED7F1A7F4900F00F0040EE11
:104C2000011A21EE800A794401EB800191ED001A0E
:104C30007A49794401EB8001D1ED001A784901EEFF
:104C4000801A794401EB8000764990ED000A31EE3C
:104C5000001AB0EEE00A10EE100A884215DA10EEE3
:104C6000100AB4EB400F10D39FED6F0A30EE800AAC
:104C7000DFED6E0A20EE200A68EE010ABDEC068B1D
:104C8000BCEEC00A20EE200A10BD10EE100A6849E2
:104C9000884243DA10EE100AB4EB400F3ED3BDEE6B
:104CA000E00A68EE010A10EE100A00EBD072511013
:104CB000C90501F17E5100EE101AA0EB6200C0059B
:104CC00060EE200A00F17E5000EE100A60EE808A4D
:104CD00018EE900AB4EB400F0FD10220FBF7FBFC5B
:104CE00001F000F910EE101A18EE100ABDEC068B58
:104CF00061F31E0000EE100A10BD18EE900A40008D
:104D000011D018EE900AFEF7F9F9042808BF01F057
:104D1000F1F8B0EE680ABDEC068B10BDF5EEC00AE6
:104D2000F1EE10FA0FD20220FBF7D5FC01F0E2F809
:104D300010EE101A18EE100ABDEC068B61F31E007F
:104D400000EE100A10BD0220FBF7C5FC01F0CAF806
:104D500010EE101AB0EE480A10EE100ABDEC068BE9
:104D600061F31E0000EE100A10BD00BFBCF1804FC1
:104D70006CD300BF00F1FF43B3F1FE4F24D200BF5C
:104D8000B0EEC00A10EE100AC1F3C7537F2B0DDB43
:104D9000972BBFF63BAEC3F196034FF0010C0CFA14
:104DA00003F3A3F1010C1CEA010F08D00120FBF76B
:104DB00092FCBDEC068BBDE8104001F08BB80B42B5
:104DC00018BFBFEE008A21E643001CBF4FF080737E
:104DD000B3EB400F34D96FF01A02DFED161A20EE54
:104DE000210A10EE100A27E000000000001080C029
:104DF000ABAAAA3E0000803D7EE24C3E00B03842A5
:104E0000D49AB8BB3BAA384238D70000FC59633764
:104E1000C9FF753A1872313DD6D600000AD7000096
:104E20007AD600000000FC420000FE420000004B69
:104E3000000040430000004D10F0004FA0D1E5E518
:104E4000A0F50003B3F1FE4F21D2DFE503EB4103F0
:104E5000B3F1007F11D3F5EEC00AF1EE10FA05D1DF
:104E6000430018BFB4EB400F76D883E701F0004150
:104E700041F0FC5100EE901A7CE7B3F1807F06D23E
:104E800010EE903AA3F5000300EE903A72E720F09E
:104E900000426FF0FF4C604C02EB0C03A34210D3B6
:104EA00021F000439C44A4450BD3B0F17E5F18BFB2
:104EB0005FEA410C50D0B2F1FF4F98BFB3F1FF4F02
:104EC00005D9BDEC068BBDE8104000F0FFBFB0F186
:104ED000FF4F0FD0C1F3C7527F2A09DB972A11DA9F
:104EE000C2F19602012303FA02F2531E0B4205D0CF
:104EF000002208E011F0004F55D128E00A4218BF07
:104F0000012200D1022210F5000F13D028B3B0F116
:104F1000004F26D010F1814F4FD04FF0FE42B2EB40
:104F2000400F94BF01200020012202EBE171884272
:104F300039D10CE011F0004F02D0012A38D032E014
:104F4000012A02BF9FED350ABDEC068B10BD9FED17
:104F5000340ABDEC068B10BD2FE011F0004F0CD1D0
:104F600021E0B1F1FF4F1ED011F5000F05D011F077
:104F7000004F15D00AB1012A08D00220FBF7ABFB85
:104F8000BDEC068BBDE8104000F096BF0220FBF799
:104F9000A2FB00F091FFBDEC068BB1EE400A10BD04
:104FA0000AB1012A04D0B0EE690ABDEC068B10BD2F
:104FB000BDEC068B9FED1B0A10BDBDEC068BB7EE5A
:104FC000000A10BD30EE410AB5EE001A9FED172A17
:104FD00000EE413AB6EE001A60EE001A00EE431AF7
:104FE00061EEC11A9FED101A20EE011A20EE020A9E
:104FF0009FED0F2A01EE820A71EE001A11EE900A5F
:1050000000F500606FF30B0009EE100A31EE491A4B
:1050100031EE00AA9CE50000FFFF3F00000080FF8A
:105020000000807F0000008000B0B841D49A38BBF7
:105030003BAAB8410000000010B52DED020B2DED8C
:10504000088B84B09DED0C0B51EC100B0CF0D8FCD0
:1050500041EC180B9DED0C0B53EC182B51EC100B85
:105060000CF000FE41EC190B0D989FED290B10F090
:10507000004F53EC102B51EC190B9FED21AB9FED22
:1050800022BB0ED00CF0A4FA0ED953EC1B2B51EC22
:10509000190B0CF07FFC1CD214E000BF41EC180B84
:1050A00017E00CF095FA06D253EC1A2B51EC180BC2
:1050B0000CF0D8FDF2E753EC1B2B51EC190B0CF064
:1050C00069FC06D853EC1A2B51EC180B0BF0A8FF17
:1050D000E4E78DED028B9DED0C0B18EE901A10EEAF
:1050E000900A8DED000B61F31E0003909DED020B05
:1050F00004B0BDEC088B02B010BD00000000000041
:10510000000000000000F03F000000000000E03F51
:10511000000000000000E0BF10B52F499FED2C1BE0
:105120002DED020B84B0059820F000408842DCBFD2
:1051300000209DED040B32DD2849884209D10498F6
:1051400040B94FF00100FBF7C6FA00F085FE06B04B
:1051500010BD05DB9DED040B00F06AFE06B010BD2E
:1051600068469DED040B00F0BBF810F0030011D071
:10517000012818D09DED021B9DED000B02281AD0CE
:1051800000F0CAFA51EC100B0BF00CFF06B041EC2A
:10519000100B10BD9DED021B9DED000B012000F0DA
:1051A000EFFB06B010BD9DED021B9DED000B00F066
:1051B000B3FA06B010BD012000F0E2FB51EC100B79
:1051C0000BF0F0FE06B041EC100B10BD000000002B
:1051D0000000000000000000FB21E93F0000F07F1C
:1051E00000B52DED048BB0EE409AF0EE609A83B0DE
:1051F00051EC190B0CF06AFC41EC180B18EE100A7C
:1052000018EE901A8DED008B002818BF012008437E
:1052100020F00040C0F17F6000F1E040C00F14D0EA
:1052200019EE101A19EE900A8DED009B002918BF97
:105230000121084320F00040C0F17F6000F1E04010
:10524000C00F04BF0120FBF746FAB0EE480A03B0D6
:10525000F0EE680ABDEC048B00BD00000000000009
:1052600010B51D499FED1A1B2DED020B84B005985A
:1052700020F000408842DCBF01209DED040B21DDC1
:105280001649884209D1049840B94FF00100FBF754
:1052900022FA00F0E1FD06B010BD05DB9DED040B28
:1052A00000F0C6FD06B010BD68469DED040B00F091
:1052B00017F800F001000121A1EB40009DED021B59
:1052C0009DED000B00F0F4FB06B010BD00000000E7
:1052D0000000000000000000FB21E93F0000F07F1B
:1052E0002DE9F14F04462DED020B2DED088B8AB010
:1052F0009FEDE70B80ED020B139EE74826F000457B
:1053000085420ADC9DED120B002084ED000B0AB0F3
:10531000BDEC088B03B0BDE8F08FE0489FEDE0AB3B
:105320009FEDE1BBA84247DDE14F9FEDE39B9FED81
:10533000E48B9DED120B53EC1A2B51EC100B002E4D
:105340001CDD0CF08FFC41EC100BBD4208D053EC7F
:105350001B2B51EC100B0CF085FCC4E900010BE099
:1053600053EC192B51EC100B0CF07CFC53EC182B6C
:105370000CF078FCC4E900010120C8E70BF050FEF6
:1053800041EC100BBD4208D053EC1B2B51EC100B21
:105390000BF046FEC4E900010BE053EC192B51EC75
:1053A000100B0BF03DFE53EC182B0BF039FEC4E94B
:1053B00000014FF0FF30AAE7C348A84279DB9DED1A
:1053C000120B51EC100B04F0B9FF41EC180B9FEDE0
:1053D000C00B53EC102B0CF037F99FEDBF1B53ECB7
:1053E000112B0BF01DFE0CF06BF807460CF0C5F806
:1053F00041EC190B53EC1A2B0CF026F953EC182B3B
:105400000CF058FB41EC180B53EC1B2B51EC190B17
:105410000CF01AF9DFF8C8A241EC100B4FEA15584E
:105420000125FA4453EC102B51EC180B0CF01AFC2C
:10543000032DC4E900013DD0C1F30A5005EB45112D
:10544000A8EB00001139814234DA0AEB051BB0EEFB
:1054500048AA9BED000BF0EE68AA53EC102B51EC20
:10546000190B0CF0F1F841EC1B0B51EC1A0B53EC3F
:105470001B2B0CF0F7FB41EC180B51EC1A0B53EC07
:10548000182B0CF0EFFB53EC1B2B0CF0EBFB9BED04
:10549000020B41EC1A0B53EC102B51EC190B0CF0D6
:1054A000D3F853EC1A2B0CF0DDFB41EC100B6D1C08
:1054B000B8E70EE0002EA8BF3846BFF628AF94ED3F
:1054C000000B51EC100B0BF06DFDC4E900017842AC
:1054D0001DE7C6F3130040F4801EC6F30A50A0F285
:1054E000F530471100F01F05C5F12000DDF848B088
:1054F00008900020069007900520EC467949002D81
:1055000007EB0002794408BF51F8221009D051F886
:10551000223001EB8201AB404A68089922FA01F17E
:105520001943A1FB0E26A1FB0B131A449A4234BF68
:105530000123002303EB06080CEB8003D3E901A64B
:105540000E448E4234BF0121002192448A4411B19D
:10555000924502D903E0924501D2012100E00021E9
:10556000C3E901A641444CF82010011EA0F101003E
:10557000C4DC029800F10050850F0298DDE9036752
:105580008000DDF814800BF0F8FF41EC1A0B304678
:105590000CF00AF89FED541B53EC112B0CF054F84F
:1055A00041EC1B0B38460BF0FFFF9FED511B53ECFA
:1055B000112B0CF049F841EC180B40460BF0F4FFAE
:1055C0009FED4D1B53EC112B0CF03EF841EC190BE9
:1055D00051EC180B53EC192B0BF022FD53EC1B2B49
:1055E0000BF01EFD53EC1A2B0BF01AFDCDE9080150
:1055F000002008909DED080B53EC1A2B51EC100B7A
:105600000CF030FB53EC1B2B0CF02CFB53EC182B49
:105610000CF028FB53EC192B0CF04CFA9FED381BC7
:1056200053EC112B0CF010F89FED370B41EC180BDD
:1056300053EC102B9DED080B51EC100B0CF004F803
:1056400053EC182B0BF0ECFC9FED310B41EC180BDD
:1056500053EC102B9DED080B51EC100B0BF0F4FFED
:1056600053EC182B0BF0DCFC41EC100B139810F0F2
:10567000004F06D06D4251EC100B0BF093FC41EC47
:10568000100B284684ED000B41E6000000000000EE
:105690000000000000000000FB21E93F7CD902402F
:1056A00000004054FB21F93F3163621A61B4D03DE0
:1056B000FB21F93F000000000000601A61B4D03DFA
:1056C0007370032E8A19A33BFB21394100000000AF
:1056D00083C8C96D305FE43F000000000000E03F78
:1056E00092CF0000E0CE0000000000000000103E5D
:1056F000000000000000103C000000000000103A14
:10570000182D4454FB21F93D3326A611460B113CBC
:1057100000000054FB21F93D10B52DED040B2DEDDB
:10572000088B82B0B0EE419AF0EE619A0B9820F0AF
:1057300000449FED4BABB4F1795F11DA9DED0A0B9C
:1057400051EC100B0BF0BCFE002801BFB0EE4A0A72
:10575000F0EE6A0A02B0BDEC088B04BF04B010BDC5
:105760009DED0A0B53EC102B51EC100B0BF06CFF62
:1057700041EC180B3C480621B0EE480AF0EE680AEE
:10578000784400F081F853EC182B51EC100B0BF01F
:105790005BFF9DED0A0B41EC1B0B53EC192B51ECFD
:1057A000100B0BF051FF41EC190B53EC1B2B51EC80
:1057B000180B0BF049FF53EC192B0CF053FA9FED2B
:1057C0002C0B41EC190B53EC102B51EC180B0BF07C
:1057D0003BFF41EC100B2848844210DA53EC192BA4
:1057E00051EC100B0CF03EFA53EC1A2B0CF062F952
:1057F00041EC100B02B0BDEC088B04B010BD1F488B
:10580000A042BCBF9FED1E1B8DED001B06DBA4F567
:1058100000100190002000909DED001B51EC100B3A
:1058200053EC112B0CF01EFA9DED000B41EC180B04
:1058300053EC102B51EC1A0B0CF014FA41EC1A0B30
:1058400053EC192B51EC180B0CF00CFA53EC1A2BEF
:105850000CF030F941EC100BCCE700000000000028
:10586000000000000000F03FFCCB00000000000042
:10587000000000000000E03F3333D33F0000E93F69
:10588000000000000000D23F70B504462DED028BF1
:105890004D1E00EBC500B0EE408AF0EE608A90ED40
:1058A000000B35F0060017D053EC182B51EC100B01
:1058B0000BF0CAFE41EC100B6D1E04EBC50090ED21
:1058C000001B51EC100B53EC112B0BF0A9FB41EC1E
:1058D000100B35F00600E7D1022D36D0042D1CD078
:1058E000062D1CBFBDEC028B70BD53EC182B51EC88
:1058F000100B0BF0A9FE94ED0A1B53EC112B0BF0CF
:105900008FFB53EC182B0BF09FFE94ED081B53EC10
:10591000112B0BF085FB41EC100B53EC182B51ECC9
:10592000100B0BF091FE94ED061B53EC112B0BF0BA
:1059300077FB53EC182B0BF087FE94ED040B53EC24
:10594000102B0BF06DFB41EC100B53EC182B51ECB2
:10595000100B0BF079FE94ED021B53EC112B0BF0A6
:105960005FFB53EC182B0BF06FFE94ED001B53EC18
:10597000112B0BF055FBBDEC028B41EC100B70BDF5
:1059800031B504462DED040B2DED0A8BB0EE41BA76
:10599000F0EE61BA0B989DED0A0B20F00040B0F1DB
:1059A000795F0DDA51EC100BFDF790FB042808BF6E
:1059B00000F072FA9DED0A0BBDEC0A8B05B030BD0C
:1059C00053EC102B51EC100B0BF03EFE41EC180B7E
:1059D0009DED0A0B53EC182B51EC100B0BF034FE21
:1059E00041EC190B2C48B0EE480AF0EE680A05218C
:1059F0007844FFF749FF9FED2ACBB0EE40AAF0EEC6
:105A000060AA9CB353EC1C2B51EC190B0BF01CFE41
:105A100041EC1C0B53EC1A2B51EC190B0BF014FE40
:105A20009FED210B41EC190B53EC102B51EC1B0B90
:105A30000BF00AFE53EC192B0CF014F953EC182B55
:105A40000BF002FE53EC1B2B0CF00CF953EC1C2B4F
:105A50000CF008F99DED0A1B53EC112B0CF02AF801
:105A6000BDEC0A8B05B041EC100B30BDFFE753ECE9
:105A70001A2B51EC180B0BF0E7FD53EC1C2B0BF021
:105A8000CFFA53EC192B0BF0DFFD9DED0A1B53EC05
:105A9000112B0BF0C5FAE3E78CCA000000000000F0
:105AA000495555555555C5BF000000000000E03F61
:105AB000F1B506462DED040BBD482DED0C8B8AB0DB
:105AC000B0EE418AF0EE618A179D25F000449FED0B
:105AD000BABB9FEDBBCB844208DA9DED160B51ECAF
:105AE000100B0BF0EDFC002800F0E980B64FA74248
:105AF00031DC002D0DDA9DED160B51EC100B0BF087
:105B000051FACDE9160151EC180B0BF04BFA41ECB0
:105B1000180B9FEDAF0B53EC102B9DED160B51ECBA
:105B2000100B0BF0C7FF53EC182B9FEDAB0BCDE91F
:105B3000040151EC100B0CF095F841EC100B53ECF8
:105B4000102B9DED040B51EC100B0BF069FA9FED3F
:105B5000A48BCDE916019DED160B53EC102B51ECE7
:105B6000100B0BF071FDCDE904019DED040B53EC1E
:105B7000102B51EC100B0BF067FD41EC190B9A4800
:105B80000621B0EE490AF0EE690A7844FFF77CFE80
:105B90009648B0EE40DAF0EE60DAB0EE490AF0EE88
:105BA000690A06217844FFF76FFE9DED041B51EC56
:105BB000100B53EC112B0BF047FD9DED040B41EC4A
:105BC0001A0B53EC102B9DED160B51EC100B0BF038
:105BD0003BFD41EC190B53EC1A2B51EC1D0B0BF058
:105BE0001FFA53EC192B0BF02FFD53EC182B0BF075
:105BF00017FA9DED041B53EC112B0BF025FD53EC14
:105C0000182B0BF00DFA41EC180B9FED790B51ECB2
:105C1000190B53EC102B0BF017FD53EC182B0BF05A
:105C2000FFF941EC190B9DED160B53EC192B51ECC0
:105C3000100B0BF0F5F941EC180BA74269DC30466C
:105C40000BF09BFC41EC1A0B51EC180B53EC1A2B8C
:105C50000BF0E6F941EC1B0B53EC182B51EC180B35
:105C60000BF0F2FC53EC1B2B0BF096FA53EC192BB8
:105C70000BF0F8FF9DED161B53EC112B0BF01AFFE8
:105C80009FED5D1B53EC112B0BF0DEFC53EC1A2B3C
:105C90000BF010FF41EC180B022000EAA570C0F1D8
:105CA00001000BF06AFC53EC182B0BF0CDFC00BF8D
:105CB00041EC100B0AB0BDEC0C8B05B0F0BD711CB3
:105CC0001698214308430CD09DED160B012E1CBFE6
:105CD00053EC102B51EC1C0B10D000BF0BF05CFAF6
:105CE000E6E79DED160B51EC100B04F027FB41ECA1
:105CF000100B51EC1B0B53EC102BEFE751EC100B7E
:105D0000FDF7E4F9042808BF00F0C6F89DED160B76
:105D1000D0E7012E04BFB0EE480AF0EE680AC9D001
:105D20008DED048B002404949DED040B53EC102B9B
:105D30009DED160B51EC100B0BF0BCFE53EC192B28
:105D40000BF0B8FE41EC190B53EC182B51EC1C0B6B
:105D50000BF022FA41EC180B8DED008B00949DEDB9
:105D6000040B53EC102B9DED000B51EC100B0BF0C2
:105D70006BFC53EC1B2B0BF053F99DED000B41EC2E
:105D80001A0B53EC192B51EC100B0BF05DFC53EC80
:105D90001A2B0BF045F953EC182B0BF055FC9DED2D
:105DA000001B53EC112B0BF03BF981E700000000C6
:105DB0000000303E00000000000000000000F03F46
:105DC000000000000000F0BF2894E53F0000000044
:105DD000182D4454FB21E93F075C143326A6813C6F
:105DE00000000000000000001AC9000030C90000D7
:105DF000635555555555D53F000000000000004043
:105E00009FED070B10B553EC102B9FED070B51ECDA
:105E1000100B0BF0C1F941EC100B10BD000000009D
:105E20000000000000000000000000000000F03F43
:105E300010B553EC102B51EC100B0BF0F1F841ECBA
:105E4000100B10BD10B553EC112B51EC100B0BF0D7
:105E5000E7F841EC100B10BD9FED050B10B553ECAE
:105E6000102B51EC100B0BF097F941EC100B10BDFF
:105E700000000000000000009FED050B10B553EC82
:105E8000102B51EC100B0BF0DFFB41EC100B10BD95
:105E900000000000000000709FED050B10B553ECF2
:105EA000102B51EC100B0BF0CFFB41EC100B10BD85
:105EB0000000000000000010DFED030AB7EE001A3A
:105EC00081EE200A704700000000000030EE200A3A
:105ED00070470000DFED020A80EEA00A7047000064
:105EE000000000009FED020A20EE000A704700004B
:105EF000000000709FED020A20EE000A70470000CB
:105F00000000001010B52DED028BB0EE408AF0EECF
:105F1000608A9FED120B53EC102B51EC180B0BF019
:105F200039FD06D29FED0D0BFDF726F9BDEC028B76
:105F300010BD9FED0C0B53EC102B51EC180B0BF01C
:105F400047FB04D29FED070BFDF716F9EEE7B0EE25
:105F5000480AF0EE680AFDF70FF9E7E700000000D5
:105F60000000F03F000000000000F0BF10B52DED74
:105F7000028BB0EE408AF0EE608A9FED120B53EC7C
:105F8000102B51EC180B0BF005FD06D29FED0D0BFD
:105F9000FDF79EFABDEC028B10BD9FED0C0B53EC90
:105FA000102B51EC180B0BF013FB04D29FED070BD9
:105FB000FDF78EFAEEE7B0EE480AF0EE680AFDF75C
:105FC00087FAE7E7000000000000F03F0000000053
:105FD0000000F0BFF0B5164645688468077894ED78
:105FE000002AD4ED012A94ED024A94ED033AD4ED4F
:105FF000043A95ED001AD5ED011A1434184612E052
:10600000F1EC010AB0EE410A02EE200AB0EE611A8C
:1060100002EEA01A03EE001A64EE201A43EE801A74
:10602000A6EC010A401E0028EAD185ED001AC5ED54
:10603000011A083511460E467F1E002FCFD1F0BD44
:106040002DE9F04104460D4617461E462570A7600F
:10605000E9003046FAF792FA6660BDE8F081000088
:1060600007B52DED040BAAB0FE4890ED310ABDEE48
:10607000C00A8DED260A90ED360ABDEEC00A8DED00
:10608000250A2698002809DD26983C2806DC259854
:10609000002803DBDDE92501884203DB9DED2A0AA8
:1060A00031B000BD26982790279880001490FAF709
:1060B000FFF8249000202390EA4890ED3B0A8DEDF4
:1060C000220A9FEDE90A8DED210A9FEDE70A8DED89
:1060D000200A9FEDE50A8DED1F0A9FEDE30A8DED85
:1060E0001E0A9FEDE10A8DED1D0A9FEDDF0A8DED81
:1060F0001C0A9FEDDD0A8DED1B0A9FEDDB0A8DED7D
:106100001A0A9FEDD90A8DED190A9FEDD70A8DED78
:10611000180A9FEDD50A8DED170A9FEDD30A8DED74
:10612000160A9DED2B0AB5EEC00AF1EE10FA13D255
:10613000012023902B980BF07FFECDE910019DEDFF
:10614000100BFDF701FD8DED120B9DED120B51ECC7
:10615000100B0AF033FF2B909DED2A0A249880ED56
:10616000000A00201490FCE3C048D0ED000A9DED29
:106170002A0A20EE800A8DED070A07980BF05CFED4
:10618000CDE908019DED080BFDF77AFC8DED0C0BB8
:1061900022980BF051FECDE90A019DED0C0B53EC5A
:1061A000102B9DED0A0B51EC100B0BF04DFACDE9C5
:1061B0001001149800EB4001309850F821000D9028
:1061C0000BF03AFECDE90E019DED100B53EC102BB8
:1061D0009DED0E0B51EC100B0AF022FFCDE91201E0
:1061E0009DED120B51EC100B0AF0E8FE1F909F483A
:1061F000D0ED000A9DED2A0A20EE800A8DED070AF7
:1062000007980BF019FECDE908019DED080BFEF78C
:1062100083FF8DED0C0B22980BF00EFECDE90A01E9
:106220009DED0C0B53EC102B9DED0A0B51EC100B5C
:106230000BF00AFACDE91001149800EB40013098F8
:1062400000EB810040680D900BF0F6FDCDE90E01EA
:106250009DED100B53EC102B9DED0E0B51EC100B24
:106260000AF0DEFECDE912019DED120B51EC100B90
:106270000AF0A4FE1E907D48D0ED000A9DED2B0A89
:1062800020EE800A8DED0B0A0B980BF0D5FDCDE9C1
:106290000C019DED0C0BFEF73FFF8DED100B7348CD
:1062A000D0ED000A9DED2B0A20EE800A8DED090A43
:1062B00009980BF0C1FDCDE90A019DED0A0BFDF730
:1062C000DFFB8DED0C0B9DED0C0B51EC100B0AF070
:1062D00069FECDE90E019DED100B53EC102B9DEDE9
:1062E0000E0B51EC100B0AF057FFCDE912019DED9A
:1062F000120B51EC100B0AF061FE1D901D980BF073
:106300009BFDCDE910019DED100BFDF71DFC8DED02
:10631000120B9FED570B53EC102B9DED120B51EC14
:10632000100B0BF091F802D19FED530A01E09DEDA7
:106330001D0A8DED1D0A149800EB4001309800EB0A
:106340008100D0ED010A9DED1E0A30EE600A14981E
:1063500000EB4001309800EB810090ED001ADDED7C
:106360001F0A30EEC11ADDED1D0A00EEC10A8DEDE7
:106370001C0A1D980BF060FD9FED401BCDE90E013E
:106380009DED0E0BFDF7FCFC8DED100B9FED3D0B15
:1063900053EC102B9DED100B51EC100B0AF040FE4E
:1063A000CDE912019DED120B51EC100B0AF006FE27
:1063B0001A901498401C00EB4001309800EB8100CB
:1063C00090ED000ADDED1D0A9DED1C1A10EE810A0C
:1063D0001498401C00EB4001309800EB810090EDD8
:1063E000011ADDED1D0A00EEC10AF0EE000A20EEF2
:1063F000200A8DED190A22980BF01EFD9FED1F1B40
:10640000CDE90C019DED0C0BFDF7BAFC8DED100BE9
:106410001498401C00EB4001309800EB810040686C
:1064200007900BF009FD9FED151BCDE908019DEDCF
:10643000080BFDF7A5FC8DED0C0B1498401C00EB30
:106440004001309850F8210003900BF0F5FC9FEDCF
:106450000B1BCDE904019DED040BFDF791FC8DEDC7
:10646000080B13E0E010002000000000FC000020FA
:10647000000000000000F07F0000C84200000000A3
:1064800000000040000000000000F03F9DED1C0AED
:10649000F0EE000A20EE200A1498401C00EB4001A8
:1064A000309800EB8100D0ED010A20EE200A8DED3E
:1064B000010A01980BF0C0FCCDE904011C980BF017
:1064C000BBFC1FED121BCDE900019DED000BFDF79C
:1064D00057FC8DED020B9DED040B53EC102B9DED45
:1064E000020B51EC100B0BF0BDFBCDE906019DED4D
:1064F000080B53EC102B9DED060B51EC100B0AF022
:106500008FFDCDE90A019DED0C0B53EC102B9DED99
:106510000A0B51EC100B0AF083FDCDE90E019DED45
:10652000100B53EC102B9DED0E0B51EC100B0BF0E0
:1065300099FBCDE912019DED120B51EC100B0AF005
:106540003DFD18909DED1A0AF1EE000A60EE200A5A
:106550009DED180A20EE800A8DED0D0A0D980BF0C6
:106560006BFCCDE9100119980BF066FC1FED3D1B8B
:10657000CDE90C019DED0C0BFDF702FC8DED0E0B32
:106580009DED100B53EC102B9DED0E0B51EC100BF1
:106590000BF068FBCDE912019DED120B51EC100BD5
:1065A0000AF00CFD17909DED170AB5EEC00AF1EE4A
:1065B00010FA09D89DED2B0A1498401C249901EB80
:1065C000800080ED000AE5E21FED590A8DED130A07
:1065D0001FED5B0A8DED120A1FED5D0A8DED110AAC
:1065E0001FED5F0A8DED100A9DED1A0AF0EE000A0C
:1065F00020EE200A8DED090A09980BF01DFCCDE96B
:106600000C0117980BF018FCCDE904019DED040B6B
:10661000FEF7E6FD8DED080B9DED190AB1EE400A7F
:1066200010EE100A0BF008FCCDE906019DED080BF9
:1066300053EC102B9DED060B51EC100B0BF012FBE5
:10664000CDE90A019DED0C0B53EC102B9DED0A0BCF
:1066500051EC100B0AF0A0FDCDE90E019DED0E0BE3
:1066600051EC100B0AF0AAFC13909DED1A0AF0EE03
:10667000000A20EE200A8DED090A09980BF0DCFBD8
:10668000CDE90C0117980BF0D7FBCDE904019DED86
:10669000040BFEF7A5FD8DED080B9DED190AB1EE7B
:1066A000400A10EE100A0BF0C7FBCDE906019DED84
:1066B000080B53EC102B9DED060B51EC100B0AF060
:1066C000AFFCCDE90A019DED0C0B53EC102B9DEDB9
:1066D0000A0B51EC100B0AF05FFDCDE90E019DEDA8
:1066E0000E0B51EC100B0AF069FC12909DED1C0A88
:1066F000DDED1D0A9DED131A00EE810A8DED110AE4
:106700009DED1C0ADDED1D0A9DED121A00EE810AB9
:106710008DED100A1498401C00EB4001309800EBFE
:106720008100D0ED000A9DED130AF4EEC00AF1EEEF
:1067300010FA7CDB1498401C00EB4001309800EB11
:106740008100D0ED000A9DED120AF4EEC00AF1EED0
:1067500010FA6CDB1498401C00EB4001309800EB01
:106760008100D0ED010A9DED110AF4EEC00AF1EEB0
:1067700010FA0FD21498401C00EB4001309800EB47
:106780008100D0ED010A9DED100AF4EEC00AF1EE91
:1067900010FA1FDC1498401C00EB4001309800EB0D
:1067A0008100D0ED010A9DED100AF4EEC00AF1EE71
:1067B00010FA5ED21498401C00EB4001309800EBB8
:1067C0008100D0ED010A9DED110AF4EEC00AF1EE50
:1067D00010FA4EDD9DED110ADDED100AB4EEE00A6F
:1067E000F1EE10FA02D89DED110A01E09DED100ABC
:1067F0008DED0F0A1498401C00EB4001309800EB1F
:106800008100D0ED010A9DED0F0A30EEC01A9DED1A
:10681000220AC1EE000ACDED050A05980BF00CFB2B
:10682000CDE906019DED060BFCF752FE00E020E0ED
:106830008DED0A0BFE4800680BF0FEFACDE9080169
:106840009DED0A0B53EC102B9DED080B51EC100B3A
:106850000AF0FAFECDE90C019DED0C0B51EC100B8A
:106860000AF0ACFB01461498401C249A42F8201010
:106870008FE11498401C00EB4001309800EB810040
:10688000D0ED000A9DED130AF4EEC00AF1EE10FA05
:106890000FDD1498401C00EB4001309800EB8100A4
:1068A000D0ED000A9DED120AF4EEC00AF1EE10FAE6
:1068B0001FDA1498401C00EB4001309800EB810077
:1068C000D0ED000A9DED120AF4EEC00AF1EE10FAC6
:1068D0007EDD1498401C00EB4001309800EB8100F5
:1068E000D0ED000A9DED130AF4EEC00AF1EE10FAA5
:1068F0006EDB1498401C00EB4001309800EB8100E7
:10690000D0ED010A9DED110AF4EEC00AF1EE10FA85
:106910000FDB1498401C00EB4001309800EB810025
:10692000D0ED010A9DED100AF4EEC00AF1EE10FA66
:1069300021DC1498401C00EB4001309800EB8100F2
:10694000D0ED010A9DED110AF4EEC00AF1EE10FA45
:1069500060DD1498401C00EB4001309800EB810092
:1069600000E03BE1D0ED010A9DED100AF4EEC00A13
:10697000F1EE10FA4EDB9DED130ADDED120AB4EED6
:10698000E00AF1EE10FA02D89DED110A01E09DED4A
:10699000100A8DED0F0A1498401C00EB400130984E
:1069A00000EB8100D0ED010A9DED0F0A30EEC01A18
:1069B0009DED220AC1EE000ACDED050A05980BF007
:1069C0003BFACDE906019DED060BFCF781FD00E0E9
:1069D00020E08DED0A0B964800680BF02DFACDE90A
:1069E00008019DED0A0B53EC102B9DED080B51ECAB
:1069F000100B0AF029FECDE90C019DED0C0B51ECBA
:106A0000100B0AF0DBFA01461498401C249A42F855
:106A10002010BEE01498401C00EB4001309800EBC1
:106A20008100D0ED000A9DED130AF4EEC00AF1EEEC
:106A300010FA0FDD1498401C00EB4001309800EB79
:106A40008100D0ED000A9DED120AF4EEC00AF1EECD
:106A500010FA1FD31498401C00EB4001309800EB53
:106A60008100D0ED000A9DED120AF4EEC00AF1EEAD
:106A700010FA7DDD1498401C00EB4001309800EBCB
:106A80008100D0ED000A9DED130AF4EEC00AF1EE8C
:106A900010FA6DD21498401C00EB4001309800EBC6
:106AA0008100D0ED010A9DED110AF4EEC00AF1EE6D
:106AB00010FA5DDB1498401C00EB4001309800EBAD
:106AC0008100D0ED010A9DED100AF4EEC00AF1EE4E
:106AD00010FA4DDB9DED130ADDED120AB4EEE00A6B
:106AE000F1EE10FA02D89DED110A01E09DED100AB9
:106AF0008DED0F0A1498401C00EB4001309800EB1C
:106B00008100D0ED010A9DED0F0A30EEC01A9DED17
:106B1000220AC1EE000ACDED050A05980BF08CF9AA
:106B2000CDE906019DED060BFCF7D2FC8DED0A0BBD
:106B30003F4800680BF080F9CDE908019DED0A0B94
:106B400053EC102B9DED080B51EC100B0AF07CFD63
:106B5000CDE90C019DED0C0B51EC100B0AF02EFA57
:106B600002461498401C249941F8202011E0FFE7C8
:106B70001498401C00EE100AB8EEC00A8DED160AFB
:106B80009FED2C0A1498401C249901EB800080EDA5
:106B9000000A00BF1498401C249901EB8000D0ED3E
:106BA000000A9DED2C0AF4EEC00AF1EE10FA08DDA1
:106BB0009DED2C0A1498401C249901EB800080ED77
:106BC000000A1498401C249901EB800090ED000A03
:106BD0008DED2A0A1498401CC0B214902698401ECD
:106BE000149988423FF7C0AA9DED160ABCEEC00A70
:106BF00010EE100AC0B2149070E39FED0E0A8DEDF6
:106C0000130A9FED0C0A8DED120A9FED0A0A8DED15
:106C1000110A9FED080A8DED100A1499249800EBD3
:106C2000810090ED000A0448D0ED000A06E0000063
:106C30000001002000000000FC00002020EE200ADF
:106C40008DED030A03980BF0F7F8CDE904019DEDF3
:106C5000040BFCF715FF8DED080B22980BF0ECF8F8
:106C6000CDE906019DED080B53EC102B9DED060BB5
:106C700051EC100B0AF0E8FCCDE90C01149800EB84
:106C80004001309850F8210009900BF0D5F8CDE97B
:106C90000A019DED0C0B53EC102B9DED0A0B51ECF2
:106CA000100B0AF0DFFFCDE90E019DED0E0B51EC4C
:106CB000100B0AF083F921902499149801EB8000BD
:106CC00090ED000AFE48D0ED000A20EE200A8DED7E
:106CD000030A03980BF0B0F8CDE904019DED040B15
:106CE000FEF71AFA8DED080B22980BF0A5F8CDE906
:106CF00006019DED080B53EC102B9DED060B51EC9E
:106D0000100B0AF0A1FCCDE90C01149800EB400136
:106D1000309800EB8100406809900BF08DF8CDE9C8
:106D20000A019DED0C0B53EC102B9DED0A0B51EC61
:106D3000100B0AF097FFCDE90E019DED0E0B51EC03
:106D4000100B0AF03BF920909DED200ADDED1D0AA5
:106D50009DED211A00EEC10A8DED1C0A1D980BF065
:106D60006BF89FEDD81BCDE90A019DED0A0BFDF7ED
:106D700007F88DED0C0B9FEDD50B53EC102B9DED13
:106D80000C0B51EC100B0AF04BF9CDE90E019DED07
:106D90000E0B51EC100B0AF011F91A909DED1D0A23
:106DA000F0EE000A60EE200A9DED1C0A20EE800A3B
:106DB0008DED190A22980BF03FF89FEDC21BCDE92B
:106DC00008019DED080BFCF7DBFF8DED0C0B1C980B
:106DD0000BF032F89FEDBB1BCDE908019DED080BD0
:106DE000FCF7CEFF8DED0A0B9DED0C0B53EC102B39
:106DF0009DED0A0B51EC100B0AF034FFCDE90E01AA
:106E00009DED0E0B51EC100B0AF0D8F818909DED8B
:106E10001A0AF1EE000A60EE200A9DED180A20EE33
:106E2000800A8DED090A09980BF006F8CDE90C01EE
:106E300019980BF001F89FEDA31BCDE908019DED1A
:106E4000080BFCF79DFF8DED0A0B9DED0C0B53EC31
:106E5000102B9DED0A0B51EC100B0AF003FFCDE94E
:106E60000E019DED0E0B51EC100B0AF0A7F81790D8
:106E70009DED1A0AF0EE000A20EE200A8DED090AB7
:106E800009980AF0D9FFCDE90C0117980AF0D4FF50
:106E9000CDE904019DED040BFEF7A2F98DED080B81
:106EA0009DED190AB1EE400A10EE100A0AF0C4FF77
:106EB000CDE906019DED080B53EC102B9DED060B63
:106EC00051EC100B0AF0ACF8CDE90A019DED0C0B6A
:106ED00053EC102B9DED0A0B51EC100B0AF05CF9F2
:106EE000CDE90E019DED0E0B51EC100B0AF066F88A
:106EF00013909DED1A0AF0EE000A20EE200A8DEDA7
:106F0000090A09980AF098FFCDE90C0117980AF0D0
:106F100093FFCDE904019DED040BFEF761F98DEDC2
:106F2000080B9DED190AB1EE400A10EE100A0AF0A6
:106F300083FFCDE906019DED080B53EC102B9DED71
:106F4000060B51EC100B0AF08DFECDE90A019DED08
:106F50000C0B53EC102B9DED0A0B51EC100B0AF0AF
:106F60001BF9CDE90E019DED0E0B51EC100B0AF053
:106F700025F812909DED1C0ADDED1D0A9DED131AFA
:106F800000EE810A8DED110A9DED1C0ADDED1D0A52
:106F90009DED121A00EE810A8DED100A9DED130A87
:106FA000B5EEC00AF1EE10FA06DB9DED120AB5EE61
:106FB000C00AF1EE10FA0DDC9DED130AB5EEC00A21
:106FC000F1EE10FA64DD9DED120AB5EEC00AF1EEA5
:106FD00010FA5DDB9DED110AB5EEC00AF1EE10FA74
:106FE00006DD9DED100AB5EEC00AF1EE10FA0DDADD
:106FF0009DED110AB5EEC00AF1EE10FA48DB9DEDE9
:10700000100AB5EEC00AF1EE10FA41DD9DED110A4D
:10701000DDED100AB4EEE00AF1EE10FA02D89DEDB3
:10702000110A01E09DED100A8DED0F0A9DED0F0A8A
:10703000DDED220A80EE201A8DED051A05980AF082
:10704000FBFECDE906019DED060BFCF741FA8DED47
:107050000A0B204800680AF0EFFECDE908019DED1B
:107060000A0B53EC102B9DED080B51EC100B0AF0A2
:10707000EBFACDE90C019DED0C0B51EC100B09F076
:107080009DFF01461498401E249A42F820100AE100
:107090009DED130AB5EEC00AF1EE10FA06D29DED91
:1070A000120AB5EEC00AF1EE10FA1ADC9DED130AD1
:1070B000B5EEC00AF1EE10FA72DD9DED120A0BE09A
:1070C000FC00002000000000000000400000000064
:1070D0000000F03F00010020B5EEC00AF1EE10FA0A
:1070E0005ED29DED110AB5EEC00AF1EE10FA06DD92
:1070F0009DED100AB5EEC00AF1EE10FA0DDA9DED25
:10710000100AB5EEC00AF1EE10FA49DD9DED110A44
:10711000B5EEC00AF1EE10FA42DB9DED130ADDED8B
:10712000120AB4EEE00AF1EE10FA02D89DED100A50
:1071300001E09DED110A8DED0F0A9DED0F0ADDEDC9
:10714000220A80EE201A8DED051A05980AF074FEC9
:10715000CDE906019DED060BFCF7BAF98DED0A0BA2
:10716000FC4800680AF068FECDE908019DED0A0BB5
:1071700053EC102B9DED080B51EC100B0AF064FA48
:10718000CDE90C019DED0C0B51EC100B09F016FF35
:1071900001461498401E249A42F8201083E0FFE72D
:1071A0009DED130AB5EEC00AF1EE10FA06DB9DED77
:1071B000120AB5EEC00AF1EE10FA0DDC9DED130ACD
:1071C000B5EEC00AF1EE10FA64DD9DED120AB5EEDF
:1071D000C00AF1EE10FA5DDB9DED110AB5EEC00AB2
:1071E000F1EE10FA06DD9DED100AB5EEC00AF1EEE3
:1071F00010FA0DD39DED110AB5EEC00AF1EE10FAAA
:1072000048D29DED100AB5EEC00AF1EE10FA41DD4C
:107210009DED110ADDED100AB4EEE00AF1EE10FA70
:1072200002D89DED110A01E09DED100A8DED0F0AC7
:107230009DED0F0ADDED220A80EE201A8DED051A74
:1072400005980AF0F9FDCDE906019DED060BFCF766
:107250003FF98DED0A0BBF4800680AF0EDFDCDE95E
:1072600008019DED0A0B53EC102B9DED080B51EC22
:10727000100B0AF0E9F9CDE90C019DED0C0B51EC76
:10728000100B09F09BFE01461498401E249A42F808
:10729000201008E09FEDB00A1498401E249901EBDD
:1072A000800080ED000A1498401E249901EB8000B4
:1072B000D0ED000A9DED2C0AF4EEC00AF1EE10FAB2
:1072C00008DD9DED2C0A1498401E249901EB8000E6
:1072D00080ED000A1498401EC0B214901498012842
:1072E000BFF68BAC9FED9C0A8DED150A0020149023
:1072F0007DE01B980AF0A0FDCDE91001149800EB89
:107300004001309800EB8100806809900AF094FDFC
:10731000CDE90C011499249800EB8100D0ED000A0E
:107320009DED2B0A30EE600A8C48D0ED000A20EE6D
:10733000200A8DED070A07980AF07EFDCDE90801C5
:107340009DED080BFCF79CFB8DED0A0B9DED0C0BE6
:1073500053EC102B9DED0A0B51EC100B0AF074F955
:10736000CDE90E019DED100B53EC102B9DED0E0B96
:1073700051EC100B09F054FECDE912019DED120BFA
:1073800051EC100B09F01AFE1B909DED1B0AB5EE97
:10739000C00AF1EE10FA02D29FED6F0A01E09DEDF6
:1073A0001B0A8DED1B0A239801280ED114992498ED
:1073B00000EB810090ED000AFFEE000A20EE200AAB
:1073C000249800EB810080ED000A149800EB400146
:1073D000309800EB8100D0ED020A9DED150A30EEE9
:1073E000800A8DED150A1498401CC0B2149026999D
:1073F00014988842FFF67DAF239801284FD19FED66
:10740000560A8DED140A26980AF0B7F81FEDD30B33
:1074100053EC102BCDE90C019DED0C0B51EC100B36
:1074200009F0BAFECDE90E019DED0E0BFCF798FBBD
:107430008DED100B9DED100B51EC100B0AF040F888
:1074400013900020129025E01299249800EB8100FF
:1074500090ED000A8DED140A12992698401A401EEC
:10746000249901EB800090ED000A0846129900EB88
:10747000810080ED000A9DED140A12992698401AA9
:10748000401E249901EB800080ED000A1298401CF8
:10749000C0B21290DDE912018842D5DB00BFDDE900
:1074A000240100EB810090ED000A2E9880ED000A87
:1074B0009FED290A2F9880ED000A012014902DE0FD
:1074C0001499249800EB810090ED000A481E24993D
:1074D00001EB8000D0ED000A30EE600A8DED0F0A5E
:1074E0000F980AF0A9FCCDE910019DED100BFCF7F7
:1074F0002BFB8DED120B9DED120B51EC100B09F0D7
:107500005DFD00EE100A2F98D0ED000A30EE200A43
:1075100080ED000A1498401CC0B21490269914986B
:107520008842CDDB9DED1B0ADFED0D0A60EE200ADF
:107530009DED150A80EE801A8DED1B1A9DED1B0A3C
:107540008DED280A24981490F8F7E1FE9DED280AA5
:10755000FEF7A6BD0001002000000000FC00002096
:107560000000C8422DE9F043B1B007460C4615466D
:10757000C4221A496846F8F7ADFFAEB24FEA1628A2
:1075800006F0FF09C0208DF8240000218DF8251099
:1075900007218DF826108DF827808DF8289000217E
:1075A0008DF82910E168206800F036F88DF82A007F
:1075B000606800F01DF88DF82B00217A8DF82C10F2
:1075C000206900F00DF88DF82D00C4226946384678
:1075D000F8F780FF31B0BDE8F083000054200208C6
:1075E0000146002009B1402200E00022104370470C
:1075F0000146152906D0182906D01B2906D01E29B8
:1076000008D105E0032070470220FCE70120FAE7DB
:107610000020F8E70320F6E702460020B2F5165FE7
:1076200023D00CDCB2F5967F14D0B2F5966F13D050
:10763000B2F5166F13D0B2F5965F22D112E0B2F513
:10764000964F15D0B2F5164F15D0A2F57443243BD2
:10765000BBB913E000BF17E040F0010014E040F0B8
:10766000020011E040F003000EE040F004000BE0E7
:1076700040F0050008E040F0060005E040F007009B
:1076800002E040F0020000BF00BFB1F5964F22D0EB
:107690000CDCB1F5966F13D0B1F5166F12D0B1F5C1
:1076A000965F12D0B1F5165F21D111E0B1F5164FFA
:1076B00014D0B1F5614F14D0B1F5E13F17D113E00B
:1076C00000BF17E040F0200014E040F0400011E05F
:1076D00040F060000EE040F080000BE040F0A000C1
:1076E00008E040F0C00005E040F0E00002E040F0BB
:1076F000600000BF00BF70472DE9F04105460E460F
:107700000027002407E0042101FB045007F032FBAE
:107710004740601CC4B2B442F5DB3846BDE8F08196
:1077200030B502460B464FF6FF70002110E0545C66
:107730006040082409E000F0010525B140104AF23C
:107740000105684000E04010641E002CF3D1491C84
:107750009942ECDB30BD00001F48008800EE100AA3
:10776000F8EE400A1C48801E008800EE100AB8EEB1
:10777000400A30EEC00A9FED191AC1EE000A1848FF
:10778000808800EE100AB8EE401A1348801E008868
:1077900000EE100AB8EE400A31EE401AB3EE0E0ABF
:1077A00000EE810ABDEEC00AB8EEC00A0D4880EDB9
:1077B000F90A90EDF90ADFED0C0AB4EEE00AF1EEF9
:1077C00010FA01DD012100E000210848006861F3A2
:1077D00041000649086070472E7AFF1F0000A04252
:1077E00040010020E010002000008C423C010020FD
:1077F0000A4801880A4890ED771ABDEEC11A11EEC9
:10780000100A081A00EE900AB8EEE01ADFED051A29
:1078100021EE211AB0EE410A70470000400100201D
:10782000E0100020ABAAA63C07B52DED080BBEB0BA
:107830009FEDFE0B53EC102B9DED420B51EC100B0A
:1078400009F0AAFCCDE91801469809F096FE9FEDD3
:10785000F90B53EC102BCDE912019DED120B51ECFD
:10786000100B09F0DDFBCDE914019DED440B53EC49
:10787000102B9DED140B51EC100B09F0D1FBCDE951
:1078800016019DED180B53EC102B9DED160B51ECD2
:10789000100B0AF0E7F9CDE93C019FEDE80B53EC42
:1078A000102B9DED3C0B51EC100B0AF0DBF99FED1A
:1078B000E50B53EC102BCDE918019DED180B51ECA5
:1078C000100B09F069FCCDE93A019DED3A0B53EC40
:1078D000102B9FEDDE0B51EC100B09F0B5FECDE93E
:1078E00014019DED3A0B53EC102B9FEDDA0B51EC8C
:1078F000100B09F0A9FECDE910019DED3A0B53ECF8
:10790000102B9DED100B51EC100B09F09DFECDE9F5
:1079100012019DED140B53EC102B9DED120B51EC4D
:10792000100B09F07DFB9FEDCD0B53EC102BCDE937
:1079300016019DED160B51EC100B09F071FB9FED3C
:10794000C91BCDE918019DED180B06F027F98DED47
:10795000380B9DED3A0B53EC102B9FEDC40B51EC03
:10796000100B09F071FECDE916019DED3A0B53ECB9
:10797000102B9FEDC00B51EC100B09F065FECDE90B
:1079800012019DED3A0B53EC102B9DED120B51ECB7
:10799000100B09F059FECDE914019DED160B53ECC7
:1079A000102B9DED140B51EC100B09F039FB9FEDE2
:1079B000B30B53EC102BCDE918019DED180B51ECD6
:1079C000100B09F02DFBCDE936019DED3A0B53EC80
:1079D000102B9FEDAC0B51EC100B09F035FECDE9EF
:1079E00016019DED3A0B53EC102B9FEDA80B51ECBB
:1079F000100B09F029FECDE912019DED3A0B53EC75
:107A0000102B9DED120B51EC100B09F01DFECDE972
:107A100014019DED160B53EC102B9DED140B51EC46
:107A2000100B0AF01FF99FED9B0B53EC102BCDE9C7
:107A300018019DED180B51EC100B09F0F1FACDE98E
:107A400034019DED360B53EC102B9FED940B51EC54
:107A5000100B09F0F9FD9FED930B53EC102BCDE9C2
:107A600010019DED100B51EC100B09F0EDFDCDE96F
:107A700012019DED120BFDF74FFB8DED140B9FEDE9
:107A80008B0B53EC102B9DED140B51EC100B09F0EC
:107A9000DBFDCDE918019DED360B53EC102B9FED6E
:107AA000850B51EC100B09F0CFFD9FED7E0B53ECD5
:107AB000102BCDE90A019DED0A0B51EC100B09F0DA
:107AC000C3FDCDE90C019DED0C0BFDF725FB8DED04
:107AD000100B9DED3A0B53EC102B9FED780B51ECF6
:107AE000100B09F0B1FD9FED770B53EC102BCDE996
:107AF0000C019DED0C0B51EC100B09F091FACDE946
:107B00000E019DED100B53EC102B9DED0E0B51EC67
:107B1000100B09F099FD9FED630B53EC102BCDE991
:107B200014019DED360B51EC100B09F08DFDCDE9E4
:107B30000C019DED0C0BFDF7EFFA8DED100B9DED9B
:107B40003A0B53EC102B9FED610B51EC100B09F02D
:107B50007BFDCDE90A019DED3A0B53EC102B9FED17
:107B60005D0B51EC100B09F06FFDCDE906019DEDA9
:107B70003A0B53EC102B9DED060B51EC100B09F05A
:107B800063FDCDE908019DED0A0B53EC102B9DED33
:107B9000080B51EC100B0AF065F89FED500B53ECFD
:107BA000102BCDE90C019DED0C0B51EC100B09F0E5
:107BB00037FACDE90E019DED100B53EC102B9DED26
:107BC0000E0B51EC100B09F03FFDCDE912019DEDBC
:107BD000140B53EC102B9DED120B51EC100B09F014
:107BE0001FFACDE916019DED180B53EC102B9DEDFE
:107BF000160B51EC100B09F013FACDE932019DED93
:107C0000320B53EC102B9DED380B51EC100B09F09F
:107C100007FACDE930019DED3A0B53EC102B9FEDA7
:107C2000310B51EC100B09F00FFD5FE0000000007C
:107C30000000384000000040D56C42410000008048
:107C40002CB4424100000000A0D5E1402F8672A272
:107C50001894E140C0AB8A15DADE333F46CEC29EAF
:107C60007687714000000000008076402AC6F99BAC
:107C7000E193E1400CDB60F2502524BFC91F0C3CAE
:107C80007758764003E35F521C0A063F00D864FC35
:107C9000600181BE80035D72111C913F00000000F5
:107CA00000000840000000A046DF913F2C616D8C71
:107CB0009DF0323F0000000000000040E31A9FC921
:107CC000FE791ABF958098840B79943FAEF36F9735
:107CD000FDBA733FB75F3E59315CEDBEF6B2EDB40D
:107CE00035A2FE3F068195438B389EC09FEDFE0B6B
:107CF00053EC102BCDE90E019DED0E0B51EC100B4A
:107D000009F08EF91FED190B53EC102BCDE9100182
:107D10009DED100B51EC100B09F096FCCDE9120112
:107D20009DED120BFDF7F8F98DED140B9FEDF00BA7
:107D300053EC102B9DED140B51EC100B09F084FC4F
:107D40009FEDED0B53EC102BCDE918019DED300BA1
:107D500051EC100B09F086FFCDE916019DED180BD3
:107D600053EC102B9DED160B51EC100B09F07AFF24
:107D7000CDE92E019DED3A0B53EC102B9FEDE00B5E
:107D800051EC100B09F060FCCDE90E019DED3A0BB2
:107D900053EC102B9FEDDC0B51EC100B09F054FC55
:107DA000CDE906019DED3A0B53EC102B9DED060B32
:107DB00051EC100B09F048FCCDE90A019DED3A0B9E
:107DC00053EC102B9FEDD20B51EC100B09F03CFC47
:107DD000CDE904019DED3A0B53EC102B9DED040B06
:107DE00051EC100B09F030FCCDE906019DED3A0B8A
:107DF00053EC102B9DED060B51EC100B09F024FCFD
:107E0000CDE908019DED0A0B53EC102B9DED080BFD
:107E100051EC100B09F026FFCDE90C019DED0E0B86
:107E200053EC102B9DED0C0B51EC100B09F01AFFCD
:107E30009FEDB90B53EC102BCDE910019DED100B0C
:107E400051EC100B09F0ECF89FEDB50B53EC102B37
:107E5000CDE912019DED120B51EC100B09F09CF9CC
:107E60009FEDB10B53EC102BCDE914019DED140BDC
:107E700051EC100B09F0D4F89FEDA90B53EC102B2B
:107E8000CDE916019DED160B51EC100B09F084F9AC
:107E90009FEDA70B53EC102BCDE918019DED180BAE
:107EA00051EC100B09F0BCF8CDE92C019DED3A0B1B
:107EB00053EC102B1FED750B51EC100B09F0C4FBAC
:107EC0009FED890B53EC102BCDE910019DED100BAC
:107ED00051EC100B09F0A4F81FED8E0B53EC102B96
:107EE000CDE912019DED120B51EC100B09F0ACFB2A
:107EF000CDE914019DED140BFBF7C2FD8DED160BC2
:107F00009FED8D0B53EC102B9DED160B51EC100BD0
:107F100009F09AFBCDE918019DED2C0B53EC102BC9
:107F20009DED180B51EC100B09F07AF8CDE92A0100
:107F30001FEDA00B53EC102B9DED2A0B51EC100BF9
:107F400009F02AF91FEDA90B53EC102BCDE9120112
:107F50009DED120B51EC100B09F076FBCDE91401ED
:107F60009DED140BFDF77CF98DED180B1FEDAF0B9C
:107F700053EC102B9DED2A0B51EC100B09F00CF972
:107F80001FEDB80B53EC102BCDE912019DED120B38
:107F900051EC100B09F058FBCDE914019DED140BC9
:107FA000FDF75EF98DED160B9DED180B53EC102BC4
:107FB0009DED160B51EC100B09F046FBCDE92801A5
:107FC0009DED360B53EC102B1FEDC60B51EC100B37
:107FD00009F03AFB1FEDCD0B53EC102BCDE90A0154
:107FE0009DED0A0B51EC100B09F02EFBCDE90C01B5
:107FF0009DED0C0BFDF790F88DED100B9DED340B06
:1080000053EC102B9FED4E0B51EC100B09F01CFBA9
:10801000CDE90C019DED340B53EC102B9DED0C0BB9
:1080200051EC100B09F010FBCDE90E019DED100B8A
:1080300053EC102B9DED0E0B51EC100B09F004FBD3
:10804000CDE914019DED380B53EC102B9FED3E0B49
:1080500051EC100B09F0F8FA1FEDEE0B53EC102B5E
:10806000CDE906019DED060B51EC100B09F0ECFA81
:10807000CDE908019DED080BFDF74EF88DED0C0BD9
:108080009DED280B53EC102B9FED310B51EC100B99
:1080900009F0DAFACDE908019DED280B53EC102B1D
:1080A0009DED080B51EC100B09F0CEFACDE90A0159
:1080B0009DED0C0B53EC102B9DED0A0B51EC100BAE
:1080C00009F0C2FACDE910019DED380B53EC102BED
:1080D0009FED210B51EC100B09F0B6FA9FED200B30
:1080E00053EC102B40E00000C3F5285C8F425F404A
:1080F000F94ECC7A3194733F1FBAA0BE654E773FDC
:10810000B81E85EB51684740BEA4315A4755433FDE
:10811000D61A4AED45B45DBFA69BC420B072354067
:108120000000000000004E400000000000003A4047
:108130000000000000003740F168E388B5F8643FB4
:10814000000000000000F43F0000000000001040AC
:10815000000000000000E03F0000000000000040C0
:10816000000000A046DF913FCDE902019DED020B2A
:1081700051EC100B09F068FACDE904019DED040BF8
:10818000FBF77EFC8DED080B1FED0B0B53EC102B5A
:108190009DED360B51EC100B09F056FACDE90001BC
:1081A0009DED000BFCF7B8FF8DED040B9DED340B3E
:1081B00053EC102B1FED1C0B51EC100B09F044FA83
:1081C000CDE900019DED280B53EC102B9DED000B2C
:1081D00051EC100B09F038FACDE902019DED040BCA
:1081E00053EC102B9DED020B51EC100B09F02CFA07
:1081F000CDE906019DED080B53EC102B9DED060B10
:1082000051EC100B09F020FA1FED2B0B53EC102B47
:10821000CDE90C019DED360B51EC100B09F014FA71
:10822000CDE900019DED000BFCF776FF8DED040B11
:108230009DED340B53EC102B1FED390B51EC100B53
:1082400009F002FACDE902019DED040B53EC102B6D
:108250009DED020B51EC100B09F0F6F9CDE9080188
:108260009DED380B53EC102B1FED450B51EC100B13
:1082700009F0EAF91FED460B53EC102BCDE9000194
:108280009DED000B51EC100B09F0DEF9CDE9020178
:108290009DED020BFCF740FF8DED040B9DED280BCF
:1082A00053EC102B9DED040B51EC100B09F0CCF9A5
:1082B000CDE906019DED080B53EC102B9DED060B4F
:1082C00051EC100B09F0CEFCCDE90A019DED0C0B31
:1082D00053EC102B9DED0A0B51EC100B08F0A0FE97
:1082E000CDE90E019DED100B53EC102B9DED0E0B07
:1082F00051EC100B09F0B6FCCDE912019DED140B09
:1083000053EC102B9DED120B51EC100B09F0AAFC55
:108310001FED730B53EC102BCDE916019DED160BE1
:1083200051EC100B09F090F91FED730B53EC102B6F
:10833000CDE918019DED180B51EC100B08F02CFF46
:10834000CDE926011FED7A0B53EC102B9DED2E0B82
:1083500051EC100B09F078F9CDE910019DED100BEF
:10836000FCF7DAFE8DED140B1FED830B53EC102B95
:108370009DED2A0B51EC100B09F066F9CDE91001C7
:108380009DED100BFCF7C8FE8DED120B9DED140B4F
:1083900053EC102B9DED120B51EC100B09F054F91E
:1083A000CDE916019DED160BFDF7E0FD8DED180BE7
:1083B0001FED950B53EC102B9DED180B51EC100B92
:1083C00008F0EAFECDE924019DED420B53EC102BA1
:1083D0001FEDAD0B51EC100B09F036F9CDE916018C
:1083E0009DED400B53EC102B1FEDA90B51EC100B26
:1083F00009F02AF99FEDFE0B53EC102BCDE9120189
:108400009DED440B51EC100B09F01EF91FEDBC0B58
:1084100053EC102BCDE90C019DED0C0B51EC100B26
:1084200009F012F9CDE90E019DED260B53EC102B4E
:108430009DED0E0B51EC100B08F0F2FDCDE9100193
:108440009DED120B53EC102B9DED100B51EC100B0E
:1084500008F0E6FDCDE914019DED160B53EC102B51
:108460009DED140B51EC100B09F0FCFB9FEDE21B92
:10847000CDE918019DED180B05F090FB8DED220B59
:108480001FEDCF0B53EC102B9DED220B51EC100B7D
:1084900008F082FE9FEDDA0B53EC102BCDE91801AA
:1084A0009DED180B51EC100B09F092F816D21FED50
:1084B000DA0B53EC102B9DED220B51EC100B08F056
:1084C0006BFE9FEDD10B53EC102BCDE918019DED08
:1084D000180B51EC100B08F0A3FD15E01FEDE60B97
:1084E00053EC102B9DED220B51EC100B08F054FEB9
:1084F0009FEDC50B53EC102BCDE918019DED180B2A
:1085000051EC100B09F0AEFBCDE920011FEDEC0B97
:1085100053EC102B9DED200B51EC100B09F094F84F
:10852000CDE90C019DED0C0BFBF7AAFA8DED100BBC
:108530001FEDF50B53EC102B9DED240B51EC100BA4
:1085400009F082F8CDE908019DED080BFBF798FAD8
:108550008DED0C0B9FEDAE0B53EC102B9DED3E0BF8
:1085600051EC100B09F070F8CDE908019DED080BF6
:10857000FBF786FA8DED0A0B9DED0C0B53EC102BDF
:108580009DED0A0B51EC100B09F05EF8CDE90E01E0
:108590009DED100B53EC102B9DED0E0B51EC100BC1
:1085A00009F052F89FED9A0B53EC102BCDE9140112
:1085B0009DED240B51EC100B09F046F8CDE90C01B0
:1085C0009DED0C0BFCF7A8FD8DED100B9FED900BB6
:1085D00053EC102B9DED3E0B51EC100B09F034F8D1
:1085E000CDE90C019DED0C0BFCF796FD8DED0E0B0E
:1085F0009DED100B53EC102B9DED0E0B51EC100B61
:1086000009F022F8CDE912019DED140B53EC102B6B
:108610009DED120B51EC100B08F002FDCDE9160197
:108620009DED160BFDF76EFC8DED180B9FED780B95
:1086300053EC102B9DED180B51EC100B08F0ACFD1A
:10864000CDE91E019DED1E0B53EC102B9FED720B1F
:1086500051EC100B09F006FBCDE91C019FED700BEE
:1086600053EC102B9DED1C0B51EC100B09F092F903
:1086700002D29FED630B6CE19FED6B0B53EC102B63
:108680009DED1C0B51EC100B09F084F97ED29DED91
:108690001C0B53EC102B9FED660B51EC100B08F0EC
:1086A000D3FFCDE90E019DED0E0BFCF7D9FD8DED4D
:1086B000100B9FED5D1B9DED100BFBF761FB8DED2E
:1086C000120B9DED120B53EC102B9FED5B0B51EC3D
:1086D000100B08F061FDCDE916019DED1C0B53EC6C
:1086E000102B9FED530B51EC100B08F0ADFFCDE9B3
:1086F0000A019DED0A0BFCF7B3FD8DED0C0B9FED10
:10870000501B9DED0C0BFBF73BFB8DED0E0B9DED18
:108710000E0B53EC102B9FED4C0B51EC100B08F093
:108720003BFDCDE912019DED1C0B53EC102B9FED91
:10873000400B51EC100B08F087FFCDE90C019DEDCB
:108740000C0BFCF78DFD8DED0E0B9DED0E0B53EC20
:10875000102B9FED3F0B51EC100B08F01DFDCDE9E8
:1087600010019DED120B53EC102B9DED100B51ECF5
:10877000100B09F077FACDE914019DED160B53ECBF
:10878000102B9DED140B51EC100B00E004E008F0F1
:1087900047FC41EC100BDCE09FED2F0B53EC102B52
:1087A0009DED1C0B51EC100B09F0F4F87DD29DED02
:1087B0001C0B53EC102B9FED2A0B51EC100B08F007
:1087C00043FF9FED291BCDE914019DED1C0BFBF729
:1087D000D7FA8DED0C0B9FED260B53EC102B9DED76
:1087E0000C0B51EC100B08F02FFF9FED151B43E015
:1087F00000000000000038400000000000809640AB
:108800000000000000000000000000000080664042
:10881000000000A046DF913F0000000000805640AD
:10882000000000000040554000000000000014401F
:1088300011E7FAA146DF913F3677F4BF5C8B163F14
:108840000000000000000840EC51B81E85EBB13F6D
:10885000CDCCCCCCCC0C4D40666666666666E2BF7D
:108860009A999999993180400000000000000040D9
:108870009A99999999D95940CDE910019DED1C0B10
:10888000FBF77EFA8DED080B9FEDF60B53EC102BEA
:108890009DED080B51EC100B08F0D6FE9FEDF31B7D
:1088A000CDE90C019DED1C0B00E034E0FBF768FA0C
:1088B0008DED0A0B9DED0C0B53EC102B9DED0A0B6F
:1088C00051EC100B09F0CEF9CDE90E019DED100B26
:1088D00053EC102B9DED0E0B51EC100B08F0A0FB90
:1088E000CDE912019DED140B53EC102B9DED120BF5
:1088F00051EC100B09F0B6F99FEDDE0B53EC102B89
:10890000CDE916019DED160B51EC100B08F088FB1C
:1089100041EC100B1DE09DED1C0B53EC102B1FEDDB
:108920003C0B51EC100B08F08FFECDE914019DEDCE
:10893000140BFCF795FC8DED160B9DED160B53EC0F
:10894000102B9FEDCE0B51EC100B08F025FC41ECE9
:10895000100B8DED180B9FEDCB0B53EC102B9DEDF9
:10896000180B51EC100B08F017FCCDE91A019DED26
:108970001A0B53EC102B9DED1C0B51EC100B08F057
:108980004FFB479A03C21FED620B53EC102B9DED7A
:10899000200B51EC100B08F0FDFF7CD21FED5C0B9F
:1089A00053EC102B9DED1E0B51EC100B08F04CFE00
:1089B000CDE908019DED080BFCF7AEFB8DED0C0B2E
:1089C0001FED650B53EC102B9DED3E0B51EC100B86
:1089D00008F03AFECDE908019DED080BFBF750F8D1
:1089E0008DED0A0B9DED0C0B53EC102B9DED0A0B3E
:1089F00051EC100B08F028FE1FED730B53EC102BFD
:108A0000CDE910019DED240B51EC100B08F01CFE7C
:108A1000CDE908019DED080BFCF77EFB8DED0C0BFD
:108A20001FED7D0B53EC102B9DED1E0B51EC100B2D
:108A300008F00AFECDE904019DED040BFBF720F8D8
:108A40008DED080B1FED860B53EC102B9DED3E0BAF
:108A500051EC100B08F0F8FDCDE904019DED040B7D
:108A6000FCF75AFB8DED060B9DED080B53EC102B1C
:108A70009DED060B51EC100B08F0E6FDCDE90A0167
:108A80009DED0C0B53EC102B9DED0A0B51EC100BD4
:108A900009F0E8F800E032E0CDE90E019DED100BA1
:108AA00053EC102B9DED0E0B51EC100B08F074FBEA
:108AB000CDE912019DED120BFDF724FA8DED140B9B
:108AC0009FED720B53EC102B9DED140B51EC100B22
:108AD00008F0BAFD1FEDB40B53EC102BCDE91601D5
:108AE0009DED160B51EC100B08F09AFA9FED691BE7
:108AF000CDE918019DED180B05F050F8ADE01FED24
:108B0000B40B53EC102B9DED1E0B51EC100B08F029
:108B10009BFDCDE908019DED080BFCF7FDFA8DEDFD
:108B20000C0B1FEDBD0B53EC102B9DED3E0B51ECD0
:108B3000100B08F089FDCDE908019DED080BFAF74F
:108B40009FFF8DED0A0B9DED0C0B53EC102B9DED53
:108B50000A0B51EC100B08F077FD1FEDCB0B53EC1B
:108B6000102BCDE910019DED240B51EC100B08F0FA
:108B70006BFDCDE908019DED080BFCF7CDFA8DEDFD
:108B80000C0B1FEDD50B53EC102B9DED1E0B51EC78
:108B9000100B08F059FDCDE904019DED040BFAF727
:108BA0006FFF8DED080B1FEDDE0B53EC102B9DEDD1
:108BB0003E0B51EC100B08F047FDCDE904019DED93
:108BC000040BFCF7A9FA8DED060B9DED080B53EC99
:108BD000102B9DED060B51EC100B08F035FDCDE987
:108BE0000A019DED0C0B53EC102B9DED0A0B51EC83
:108BF000100B09F037F8CDE90E019DED100B53EC89
:108C0000102B9DED0E0B51EC100B08F0C5FACDE9C1
:108C100012019DED120BFDF775F98DED140B9FED13
:108C20001B0B53EC102B9DED140B51EC100B08F0AB
:108C30000BFD9FED1A0B53EC102BCDE916019DEDAA
:108C4000160B51EC100B08F035FF9FED121BCDE910
:108C500018019DED180B04F0A1FF489880ED000B62
:108C600049B000BD14AE47E17A94294000000000ED
:108C70000000104000000000001C9B401283C0CA8E
:108C8000A1C534C0000000000020AC40E3A9471A91
:108C9000DCA54C4000000000008076400000000091
:108CA00000E080402DE9FF5F2DED0A0B2DED108BCC
:108CB000AAB0B0EE42EAF0EE62EAB0EE43FAF0EEAD
:108CC00063FA0746884691461E46DDF84CA1529D40
:108CD00000202990FE48006828908DF89C708DF83F
:108CE0009D80ADF89E909FEDFB0B8DED240B9FEDCD
:108CF000F90B8DED220B9FEDF70BB0EE40AAF0EED5
:108D000060AA9FEDF40B8DED200B9FEDF20B8DED26
:108D10001E0B9FEDF00B8DED1C0B9FEDEE0B8DED03
:108D20001A0B9FEDEC0B8DED180B9FEDEA0B8DED03
:108D3000160B9FEDE80BB0EE408AF0EE608A9FEDD7
:108D4000E50BB0EE40CAF0EE60CA9FEDE40A8DED8F
:108D50000F0A9FEDE00BB0EE40BAF0EE60BA9FED67
:108D6000DF0AF0EE40DA9FEDDD0A8DED0E0A9FED91
:108D7000DB0A8DED0D0A00200C900024DDE92710A0
:108D800001F08CFC2990002E01DD304600E001202E
:108D900006469FEDD30BB0EE40BAF0EE60BAD24873
:108DA00090ED310AF7EE000AB4EEE00AF1EE10FAA7
:108DB00002DDCE4805F046FECB4890ED310AF7EED5
:108DC000000AB4EEE00AF1EE10FA02DDC74804F042
:108DD00037F9C54890ED270A10EE101A084609F039
:108DE0002BF8CDE90A019DED0A0BFAF7ADFEB0EEC6
:108DF000409AF0EE609A51EC190B08F0DFF80D90F4
:108E00009FEDB40BB0EE409AF0EE609A80E224AA97
:108E100022A9B0EE493AF0EE693A29989DED422B2D
:108E20009DED3C1B9DED3A0BFEF7FEFC9DED243BBA
:108E30009DED222BB0EE4E1AF0EE6E1AB0EE4F0AF8
:108E4000F0EE6F0A04F09EFFB0EE40AAF0EE60AACA
:108E5000304608F0A9FB53EC182BCDE9080151EC82
:108E60001A0B08F0FFFECDE900019DED000BFAF7AB
:108E70006BFE8DED020B9FED9E1B9DED020B04F032
:108E80008DFE8DED040B9DED040BFAF75DFE8DED6F
:108E9000060B9DED080B53EC102B9DED060B51ECD2
:108EA000100B08F0DFFE9FED940B53EC102BCDE977
:108EB0000A019DED0A0B51EC100B08F06BFD7DD201
:108EC0009FED8F0B53EC102B51EC1A0B08F062FD49
:108ED00074D806F15A0008F050FB53EC1A2BCDE978
:108EE0000A019DED0A0B51EC100B08F053FDEFD871
:108EF00053EC1B2B51EC190B08F0B4FE20AACDE962
:108F00000A011EA99DED0A3B29989DED422B9DED7E
:108F10003C1B9DED3A0BFEF787FC53EC1B2B51ECF1
:108F2000190B08F07DF81AAACDE90A0118A99DEDE0
:108F30000A3B29989DED422B9DED3C1B9DED3A0B84
:108F4000FEF772FC9DED203B9DED1E2BB0EE4E1A00
:108F5000F0EE6E1AB0EE4F0AF0EE6F0A04F012FF58
:108F60008DED1C0B9DED1A3B9DED182BB0EE4E1AAE
:108F7000F0EE6E1AB0EE4F0AF0EE6F0A04F002FF48
:108F80008DED160B53EC1B2B51EC190B08F048F828
:108F900053EC1B2BCDE90A0151EC190B08F062FED2
:108FA000CDE9080110A89DED0A5BB0EE494AF0EE4C
:108FB000694A9DED083B9DED162B00E0E6E0B0EE22
:108FC0004A1AF0EE6A1A9DED1C0B05F0DBFFB0EEBD
:108FD0004A0AF0EE6A0AFCF72FF8B0EE408AF0EE8B
:108FE000608A9DED121BB0EE410AF0EE610A53EC6F
:108FF000182B51EC100B08F027FBCDE9080151ECC0
:10900000180B07F0DBFF0DEE100AF0EE000AB0EED1
:109010004D0AFBF7DDFC10EE10BA584608F00CFFC5
:10902000CDE904019DED101BB0EE410AF0EE610A9E
:1090300053EC102B9DED041B51EC110B08F004FBBD
:10904000CDE906019DED080B53EC102B9DED060BB1
:1090500051EC100B07F0E4FFCDE90A019DED141B64
:10906000B0EE410AF0EE610A53EC102B9DED0A1BA5
:1090700051EC110B07F0D4FF41EC1C0B9FED200BC2
:1090800053EC102B51EC180B08F084FC7ED89FEDAC
:109090001E0B53EC102B51EC180B08F099FAF5D875
:1090A0009FED0E0A8DED0E0A0F4890ED310ABDEED0
:1090B000C00A10EE100A012869DD9FED060B53EC83
:1090C000102B51EC180B08F065FC3ED20C981FE0F9
:1090D0005020020800000000000000000000000016
:1090E000176CC1166CC1463FE0100020100E002026
:1090F00000000000008076409A9999999999B9BF2B
:1091000000000000008056C00000000000805640B3
:10911000D8B9874803F094FF01200C90854890ED62
:10912000270A10EE101A084608F086FECDE906015F
:109130009DED060BFAF708FD8DED080B9DED080B74
:1091400051EC100B07F03AFF0D909FED7B0A8DED6F
:109150000B0A1FED1E0AB0EE40DA4AE01FED210AAD
:109160008DED0A0A51EC180B07F028FF704A0AA986
:1091700009909DED0D1A0FA8DDED090AB0EE4D0A1C
:10918000FCF76EFFF0EE40DA6A4801E0B8E040E03C
:1091900090ED630ABCEEC00A10EE100AC0B278B9B6
:1091A0009DED0E0AF4EEC0DAF1EE10FA1BDB9DED38
:1091B0000F0A05EB041080ED000ACDED0EDA12E087
:1091C000DDED0A0A9DED0B0AF4EEC00AF1EE10FA8D
:1091D00009D89DED0F0A05EB041080ED000A9DED06
:1091E0000A0A8DED0B0AB7EE000A3DEE000AB0EE5A
:1091F00040DA9DED0D0AB4EEC0DAF1EE10FAADD909
:1092000005EB041080ED02CBAAF80040601C04B20C
:1092100076E0484991ED2C0ABDEEC00A10EE100A26
:1092200008F0ABF953EC182BCDE90A019DED0A0BC0
:1092300051EC100B08F0AEFB0BD23E4890ED2C0A1F
:1092400005EB041080ED000A05EB041080ED02CB65
:1092500052E0384991ED270ABDEEC00A10EE100A1F
:1092600008F08BF953EC182BCDE90A019DED0A0BA0
:1092700051EC100B08F08EFB1FD82E4991ED2C0AF3
:10928000BDEEC00A10EE100A08F077F953EC182B67
:10929000CDE90A019DED0A0B51EC100B08F098F98D
:1092A0000BD851EC180B07F089FE05EB0411086090
:1092B00005EB041080ED02CB1EE01E4991ED270A5C
:1092C000BDEEC00A10EE100A08F057F953EC182B47
:1092D000CDE90A019DED0A0B51EC100B08F078F96D
:1092E0000AD2144890ED270A05EB041080ED000A1D
:1092F00005EB041080ED02CBAAF80040601C04B21C
:1093000053EC1B2B51EC190B07F08AFE41EC190BA7
:109310009FED0A0B53EC102B51EC190B08F058F988
:109320007FF675AD2AB0BDEC108B0EB0BDE8F09F96
:10933000100E0020E010002000FF7F47000000001A
:109340000000F03F2DE9F041044600210E460F4693
:10935000002509E00A480088861947F100075020D7
:1093600000F027FF681C85B2A542F3DB22460023EC
:1093700030463946F6F7F2FF80B2BDE8F0810000D2
:10938000400100200E480068C0F3404058B10C482E
:10939000006820F400300A4908600846006820F49C
:1093A00000600860704701200649087004480068A2
:1093B00020F4006000F500600149086000BFF1E79B
:1093C0003C010020A415002010B5FEF7C5F90A489D
:1093D00090EDF90ADFED090AB4EEE00AF1EE10FAB9
:1093E00001DD012100E000210548006861F3410032
:1093F0000349086010BD0000E010002000008C420E
:109400003C01002010B52DED068B614890EDEA0A75
:109410006048D0ED000A70EE600A90ED000A9FED02
:109420005E1A01EE200A80ED000A5C480088C82818
:1094300007DA5A480088401C58490880BDEC068B62
:1094400010BD57480088401C554908805548007891
:1094500008B1C82001E04FF47A70044650480088F3
:10946000A04200DAEAE700204D490880484890ED24
:10947000EF0A4848D0ED000A30EEC00A10EE101A8C
:10948000084608F0D9FC41EC1A0BB0EE4A0AF0EE9F
:109490006A0AFAF759FBB0EE409AF0EE609A51EC86
:1094A000190B07F08BFD08EE100A3F4890ED000AFB
:1094B00078EE408A9FED3D0AF4EEC08AF1EE10FA94
:1094C0003CDD3848007888B339480078401C38497A
:1094D000087008460078052857DB3648007870B1D8
:1094E0003548006820F02000203033490860002112
:1094F0000D2007F0D7FC012006F0FEFC45E02448D3
:1095000090ED720AFFEE000A20EE200A80ED720A4A
:109510000120284908700020224908702449087059
:109520001E490880204880ED008A2EE0FFE70120D8
:109530001C49087000201E49087026E09FED1F0A94
:10954000F4EEC08AF1EE10FA10D20020154908702E
:10955000174908701748007820B100201549087095
:1095600007F0F8FA104880ED008A0EE000200D495F
:1095700008700F4908700C4890ED000AB4EEC08ADC
:10958000F1EE10FA01D280ED008A00BF56E700002C
:10959000E0100020180100200AD7233C2001002001
:1095A0001C0100201E010020100100206666E63F1D
:1095B0001F010020140100203C010020CDCCCCBEB6
:1095C0001CB532480088C0F3C02048B92F48008835
:1095D000C0F3003020B92D48007800F0010050B3EE
:1095E00001210420F7F7E6FF04220121684600F07C
:1095F000F7FA69462648F7F7B7FD24480088C0F314
:10960000C02020B104212248F7F726FE12E01F48AF
:109610000088C0F3003020B104211D48F7F71AFE7E
:1096200008E01A48007800F0010018B10421184839
:10963000F7F70EFE0DE001210420F7F7BBFF04222F
:109640000021684600F0CCFA69461148F7F78CFD16
:1096500000BF0E480078C0F3401020B102210D4831
:10966000F7F7F8FD03E002210A48F7F7F1FD074894
:109670000078C0F3801020B104210648F7F7EAFD16
:1096800003E004210348F7F7E3FD1CBD3C01002083
:10969000000802400004024010B52DED068B66481C
:1096A0000078002868D065480088C0F3403010B9C1
:1096B000BDEC068B10BD624890EDEA0A6148D0ED22
:1096C000000A30EE200A80ED000A5F480088401C46
:1096D0005D49088008460088B0F5487F00DAE7E772
:1096E000584890ED000ADFED590A80EE208A58486C
:1096F00090ED000A38EE400A10EE101A084608F005
:109700009BFB41EC1A0BB0EE4A0AF0EE6A0AFAF73C
:109710001BFAB0EE409AF0EE609A9FED4E0B53ECC0
:10972000102B51EC190B07F053FF0ED24348006881
:1097300020F04000403041490860012006F0DCFB89
:1097400000210E2007F0AEFB02E000204349087024
:109750000020394908703C4908809FED410A39488A
:1097600080ED000A00203F490880354890EDEA0A64
:109770003D4880ED000A9BE73A480088401C394983
:10978000088008460088B0F57A6F00DA90E700207C
:10979000344908803548007830B1294890EDEA0A0C
:1097A000314880ED000A83E7254890EDEA0A2E480B
:1097B000D0ED000A30EEC00A10EE101A084608F08C
:1097C0003BFB41EC190BB0EE490AF0EE690AFAF7DF
:1097D000BBF9B0EE408AF0EE608A9FED1E0B53ECB1
:1097E000102B51EC180B07F0F3FE1AD21B4800782F
:1097F000401C1A49087008460078022814DB1048FB
:1098000090EDEA0A124880ED000A9FED150A0D4816
:1098100080ED000A00200C490880012006490870EC
:1098200046E700200D490870054890EDEA0A0E4809
:1098300080ED000A00BF3BE72C0100203C01002026
:10984000E0100020300100202E01002000004844DC
:1098500034010020000000403333E33F24010020A6
:109860000000000022010020280100201401002037
:109870001F480088C0F3003020B11E480068401C1B
:109880001C4908601A480068C0F3406000B970477E
:1098900019480078401CC0B2174908700A2800DA3D
:1098A000F5E70020144908701448C0681449096895
:1098B000884211D10E480088C0F3003018B90F4813
:1098C000C0680C4908600A48006820F4805000F520
:1098D00080500749086005E00548006820F4805082
:1098E000034908600548C0680549086000BFCEE725
:1098F0003C010020C40000204F010020B0020020E5
:109900005001002010B500243548007858B935487A
:1099100090ED860ABCEEC00A10EE100AC0B210B17B
:1099200000F0B6FF044630480078844203D100209E
:109930002E49086010BD2E480078C0F3001038B9D9
:10994000032C05D028480470002028490860F1E75E
:10995000032C09D125480068282805D02348006831
:10996000401C22490860E5E721460A2007F09AFAE0
:109970001CB3012C0CD0022C02D0032C28D10FE0F8
:109980001848D0ED2C0AB0EE600A01F00FF81FE085
:109990001448D0ED270AB0EE600A01F007F817E08E
:1099A00013480078C0F3001018B1002006F0A4FAA4
:1099B00002E0012006F0A0FA0AE00B480078022835
:1099C00003D009480078012801D106F0A1FF00BFAB
:1099D00000BF0020054908600348047000BFA9E7E4
:1099E0004D010020E010002058010020540100200B
:1099F0003C0100201E480078401CC0B21C49087081
:109A00003C2800DA7047002019490870194800689E
:109A1000C0F3005058B11748006820F48010154971
:109A200008600846006820F400100860EAE7114862
:109A30000068C0F3405010B10F48007828B10E48BC
:109A400000780E498870012048700A480068C0F309
:109A5000405010B901200949C8700648006820F438
:109A6000001000F500100349086000BFCAE70000BD
:109A70004E0100203C0100200C020020A415002013
:109A800070B52024DF252C40234620225021024897
:109A900001F0F4FE70BD00000054004070B5402499
:109AA00000252C43234644225021024801F0E6FEC3
:109AB00070BD00000054004010B50F232322502138
:109AC000014801F0DBFE10BD0054004010B5044613
:109AD00044F00F031F225021014801F0CFFE10BDBA
:109AE0000054004010B5072321225021014801F005
:109AF000C5FE10BD005400401CB5044602208DF880
:109B0000040000208DF80600208961890843009038
:109B100001208DF8070002208DF805006946606875
:109B2000F7F722FBA27B217B6068F7F765FBA27B3E
:109B3000617B6068F7F760FB1CBD38B50446607E4A
:109B40008DF8000094F830008DF8010000208DF8A9
:109B5000020001208DF803006846F7F7DDFC38BDF0
:109B600010B52DED028B82B00446B0EE408A8DED2B
:109B7000018A2046019900F00DF802B0BDEC028B7D
:109B800010BD38B505460C4621462846009400F025
:109B900001F838BD13B5002107E001AA535C046841
:109BA000621C026023704A1CD1B20429F5DB1CBD83
:109BB00001B5BDF802109DF80100022801DC481E25
:109BC00081B2642091FBF0F00A46CB1701EB93734E
:109BD000C0EBA3004FF4C87391FBF3F3184408BD26
:109BE0001CB58DF8041000238DF806308DF8073071
:109BF0008DF805300092DDE90034C0E900341CBD69
:109C000030B5C87001F1240441F8BC4F0C68641DE4
:109C10000C60124C94ED5E0ABCEEC00A10EE104AC5
:109C200001F8984CBC3925246254132A05D0122A15
:109C300003D0112A01D0012400E0002423460BB1F7
:109C4000FE2500E0002526246554CC78E443E5B2E7
:109C50002724655407240C7130BD0000E01000205B
:109C600010B52DED088B42480078401CC0B2404929
:109C700008700A2802DABDEC088B10BD00203C49B0
:109C80000870FDF7B5FDB0EE408A3A4890ED000A45
:109C900078EE400A90ED000A9FED371A01EE200A97
:109CA00080ED000A90ED000A344880EDF40A344853
:109CB0000078C0F3C010002854D0304890ED590A05
:109CC00010EE101A084608F0B7F841EC190B2948B5
:109CD000006808F0B1F841EC1B0BB0EE4B0AF0EE57
:109CE0006B0AF9F731FFB0EE40AAF0EE60AA53EC30
:109CF000192B51EC1A0B07F04DFE33D22148007896
:109D0000401CC0B21F49087032282EDB01201E49BA
:109D100008711848006808F08FF841EC1B0BB0EE92
:109D20004B0AF0EE6B0AF9F70FFFB0EE40AAF0EE27
:109D300060AA9FED160B53EC102B51EC1A0B07F099
:109D400083FC41EC190B07F0EBFB0F4988600C48D2
:109D5000006820F00100401C094908600020094902
:109D6000087002E000200749087000BF83E7000088
:109D7000590100205C010020CDCC4C3DE0100020BA
:109D80003C01002060010020A4150020000000001C
:109D900000408F4030B5B1B005460C46C42168463E
:109DA000F6F7ECFB4CB900208DF8C000C4226946E0
:109DB0002846F6F78FFB31B030BD20788DF80000D3
:109DC00060788DF80100A0788DF80200E0788DF8B9
:109DD000030020798DF804009DF804008F2808D92D
:109DE00000208DF8C000C42269462846F6F772FBB1
:109DF000E1E79DF80400401D215C9DF80400801DF2
:109E0000205C41EA0020ADF806009DF80400C21D68
:109E1000214609A8F6F719FB9DF80400411D2046CC
:109E2000FDF77EFCBDF8061088426FD101208DF849
:109E3000C0009DF80200FE2869D19DF80020122A7A
:109E400011D09DF80020112A0DD09DF8012000EEC0
:109E5000102AB8EE400AD14AD2ED5E0AB4EE600A8A
:109E6000F1EE10FA01D1012200E0002210469DF827
:109E70000320EF2A03D09DF80320EE2A01D101220E
:109E800000E00022114608B9002979D09DF804208D
:109E9000002A01DD627902929DF80320ED2A70D03C
:109EA0000CDCB62A35D004DCAF2A10D0B32A69D135
:109EB0002EE0BC2A67D0E42AF9D1A6E0EE2A77D0BA
:109EC000EF2A76D0F12A75D0F32AF0D15CE09DF824
:109ED0000420082A03DA00228DF8C0201EE1227A2D
:109EE0001206E37942EA0342A37942EA0322637944
:109EF0001A430392227B1206E37A42EA0342A37AD0
:109F000042EA0322637A1A43049207E13EE10AE13E
:109F100004E19DF80420112A03DA00228DF8C02004
:109F2000FCE0227A1206E37942EA0342A37942EA8C
:109F3000032263791A430392227B1206E37A42EAF0
:109F40000342A37A42EA0322637A1A430492227CF0
:109F50001206E37B42EA0342A37B42EA0322637BCD
:109F60001A430592227D1206E37C42EA0342A37C57
:109F700042EA0322637C1A430692637D0793CDE095
:109F8000CDE018E0C9E050E09DF80420052A03DA8E
:109F900000228DF8C020C1E0627A1206237A42EADC
:109FA0000342E37942EA0322A3791A430392B5E01C
:109FB0003AE038E03AE09DF804200D2A03DA002266
:109FC0008DF8C020AAE0627A1206237A42EA0342A0
:109FD000E37942EA0322A3791A430392627B1206D1
:109FE000237B42EA0342E37A42EA0322A37A1A433A
:109FF0000492627C1206237C42EA0342E37B42EA3B
:10A000000322A37B1A43059288E09DF80420022ACC
:10A0100003DA00228DF8C02080E0A279637942EA59
:10A02000032202927AE000BF00BF00BF9DF800202B
:10A03000122A1BD09DF80420042A03DA00228DF88E
:10A04000C0206BE0227A1206E37942EA0342A37948
:10A0500042EA032263791A4302929DF80420052AFA
:10A0600001DB627A00E00022039234E09DF80320D5
:10A07000BC2A03D09DF80320F12A13D19DF80420B7
:10A08000042A03DA00228DF8C02047E0227A120663
:10A09000E37942EA0342A37942EA032263791A434D
:10A0A000029218E09DF80320EF2A14D19DF80420B5
:10A0B000052A03DA00228DF8C0202FE0227A12064A
:10A0C000E37942EA0342A37942EA032263791A431D
:10A0D0000292637A03939DF80320EF2A03D09DF840
:10A0E0000320EE2A18D19DF80020122A14D02B4A02
:10A0F000029B92EDDB0ABCEEC00A10EE102A9342DE
:10A1000007D19DF80020132A03D101228DF8C02029
:10A1100002E000228DF8C02000E000BF02E0002233
:10A120008DF8C02032E09DF80200FF282BD19DF869
:10A130000010122907D09DF80010112903D09DF8B6
:10A140000010132901D1012100E00021084618B9AF
:10A1500000218DF8C01015E09DF80310E12902D10F
:10A16000617902910EE09DF80310AC290AD1217AA1
:10A170000906E27941EA0241A27941EA02216279C3
:10A180001143039102E000208DF8C000C42269460B
:10A190002846F6F79FF900BF0DE60000E01000200A
:10A1A0004AF21041484300BF011EA0F10100FBD15B
:10A1B00070472A21484300BF011EA0F10100FBD1D6
:10A1C0007047000010B5002201210648F8F7D1F9C8
:10A1D00000210448F8F7E7F801210248F8F7E0F811
:10A1E00010BD0000000400404FF074600149886019
:10A1F000704700000060024010B500210948F6F7E2
:10A20000A5FC42F2107400BF06485838806D00F07B
:10A21000010010B1601E041EF6D10CB1012010BD6A
:10A220000020FCE75860024010B504461348844201
:10A2300004D101210846F7F7BDF91EE01048844219
:10A2400004D101210220F7F7B5F916E00D48844248
:10A2500004D101210420F7F7ADF90EE00A48844249
:10A2600004D101210820F7F7A5F906E00748844248
:10A2700003D101211020F7F79DF910BD0000024025
:10A280000004024000080240000C0240001002409E
:10A2900010B504461348844204D101211020F7F779
:10A2A000D9F91EE01048844204D101214804F7F78F
:10A2B000B1F916E00D48844204D101218804F7F772
:10A2C000A9F90EE00A48844204D10121C804F7F735
:10A2D000A1F906E00748844203D101210805F7F7F8
:10A2E00099F910BD001001400044004000480040B2
:10A2F000004C00400050004010B50446F6F774FED4
:10A3000000F078F800BF4FF48030F6F7FFFD00282A
:10A31000F9D102212046F6F7B5FDF6F72DFE10BD66
:10A3200010B53820FFF7E8FF024803490860012014
:10A3300010BD0000000006086801002082B0CDE9D1
:10A34000000121F0004001909DED000B02B051ECA6
:10A35000100B704710B5FFF735FF1848006820F064
:10A360008000164908609FED160A164880ED000A25
:10A370009FED130A144880ED000A0020134908805D
:10A38000134908701349087013490880134908805D
:10A390001349087013490870134908809FED080A93
:10A3A000124880ED000A0020114908700348006837
:10A3B00020F400500149086010BD00003C0100205D
:10A3C0000000000010010020180100201C010020E6
:10A3D0001E0100201F01002020010020220100207A
:10A3E000240100202C0100202E010020300100203B
:10A3F0003801002010B5F320F6F73EFD10BDF0B592
:10A40000AFB004460D4620684669206807682946B3
:10A410003046F6F761FC01280FD1002240F2266198
:10A420003846F8F7C2FD012240F226613846F8F7B7
:10A43000BCFD29463046F6F76FFB2068C16A3046FE
:10A44000F6F74AFC012829D12068C16A3046F6F7A0
:10A4500063FB2068816A3046F6F744FB002240F235
:10A4600026613846F8F7A1FD40213846F8F7D0FCC0
:10A47000002084F8AA0194F80C0378B1002084F835
:10A480000C03B82204F515716846F6F723F804F5B5
:10A49000007048300EC8204600F061F82FB0F0BDC3
:10A4A00070B504460D4616462560C4F8106328684A
:10A4B000F8F7CCFCA96A6869F6F714FB04F17C0391
:10A4C00004F14002211D284602F072FD002084F8AC
:10A4D000AA01A4F8A801C4F8440284F80C03962148
:10A4E00004F2AB10F6F728F870BD2DE9F041AEB0DC
:10A4F00004460D4616461F4604F5897004F17C0398
:10A5000004F5D47231460090284604F0F3F98046F1
:10A5100004F5D5703B46424604F589710090284603
:10A5200002F044FE94F80C0390B194F8AA0178B9B3
:10A53000002084F80C03B82204F515716846F5F77D
:10A54000C9FF04F5007048300EC8204600F007F837
:10A550002EB0BDE8F081014691F8AA0170470FB412
:10A5600030B5B1B004469DF8D80018B19DF8D800B8
:10A57000962804DD022031B030BC5DF814FB204683
:10A5800006F020FAA8B972B694F80C0308B90120B5
:10A5900000E00020054645B1C42235A904F512703B
:10A5A000F5F798FF012084F80C0362B685F00100EE
:10A5B000E1E79DF8D8003090D4F81003E8B130A955
:10A5C00004F2AB10B422CDE92D0139A96846F5F7A4
:10A5D00081FFD4F8105335A80FC8A84720B9002030
:10A5E00084F8AA010220C6E79DF8C00096280EDD77
:10A5F000002084F8AA010220BDE79DF8D8203EA9DA
:10A6000004F2AB10F5F721FF9DF8D80030909DF8CB
:10A61000C010204606F013F9ADE770B506460D46AA
:10A62000144615B10CB1962C01DD022070BD3046E8
:10A6300006F0C8F908B90120F8E72246294606F2D3
:10A64000AB10F5F702FF2146304606F0F8F8EDE7CB
:10A6500070B5104802F0C6FD04460F4802F0C2FD76
:10A66000054614B90DB9002070BD14B10DB90948E3
:10A67000FAE714B90DB10848F6E7064800F05EF8AD
:10A680000646054800F05AF8864201D30148EBE738
:10A690000148E9E7004000080080000833B583B0B6
:10A6A00000BF1BA207CA8DE80700BDF80E0040F2EC
:10A6B0006D1148439DF80C104518002004E01DF969
:10A6C00000100D44411CC8B29DF80D10491E814276
:10A6D000F5DC0398FFF76CFA0544BDF8120040F270
:10A6E0006D1148439DF810104418002004E01DF936
:10A6F00000100C44411CC8B29DF81110491E814243
:10A70000F5DC0498FFF754FA0444601B05B030BD33
:10A710001F1C1F1E1F1E1F1F1E1F1E1F1CB50020DB
:10A720000190012001AB0A2250210090024800F064
:10A7300061FF9DF804001CBD0054004070B5044644
:10A74000204604F017FB0A4988420BD1201D04F073
:10A7500011FB054604F1080101EBC501081D04F0D9
:10A7600009FB70BD04F1AC0004F004FBF9E7000044
:10A77000325241501CB500200190012001AB032250
:10A7800050210090024800F035FF9DF804001CBDE8
:10A79000005400401CB500200190012001AB0222B2
:10A7A00050210090024800F025FF9DF804001CBDD8
:10A7B0000054004070B500243148007805285AD272
:10A7C000DFE800F003101F274F00FFF7A7FF28B1B5
:10A7D00000202B4908702B49087002E0012028490D
:10A7E000087048E0FFF7D6FFC0F380042CB10020CA
:10A7F000234908702349087002E0022020490870AC
:10A8000039E0FFF7C7FF2049087003201C49087092
:10A8100031E01D48007800F00100D8B1FFF7AAFF31
:10A820000546012D04D0022D06D0042D0CD107E0E1
:10A830000320144908700BE002201249087007E059
:10A8400001201049087003E000200E49087000BF85
:10A8500000BF02E000200B4908700420084908707E
:10A8600009E000231A465021084801F007F80020AB
:10A870000349087000BF00BF0248007870BD0000A7
:10A880007D0100207C0100207E010020005400405A
:10A8900010B5FFF78FFF012804D0022808D0032845
:10A8A00012D10BE03B480078401C3A4908700CE09C
:10A8B00039480078401C3849087006E0374800786D
:10A8C000401C3649087000E000BF00BF34480068F3
:10A8D000401C33490860084600680A2857D1002008
:10A8E00008602C4800782C49097888420DDD2948F9
:10A8F00000782A490978884207DD26480078082828
:10A9000003DD01202749087024E02348007823490B
:10A910000978884207DD20480078082803DD0220F6
:10A920002049087016E01D4800781B4909788842C4
:10A9300007DD1A480078082803DD0320194908704C
:10A9400008E0002017490870124908701249087081
:10A950001249087013480078012804D0022803D057
:10A96000032807D101E000BF00BF02210E48F6F71F
:10A970006FFC04E002210C48F6F76CFC00BF00BF3E
:10A98000002004490870044908700449087005480B
:10A99000007810BD84010020850100208601002080
:10A9A000800100207F0100200008024010B52DED3D
:10A9B000068BB0EE408A4FF47A7404E002F07EFE1B
:10A9C0000120FFF7EDFB5F480068C0F3805018B925
:10A9D000201EA4F10104F1D15A480078C0F3801080
:10A9E00000B3594890EDEF0AB5EEC00AF1EE10FA47
:10A9F00006D890EDEF0AB4EEC80AF1EE10FA0EDCBC
:10AA0000514890EDEF0AB5EEC00AF1EE10FA09DDFB
:10AA100090EDEF0AB4EEC80AF1EE10FA02D2BDECE6
:10AA2000068B10BD4748006820F0010045490860CA
:10AA3000454890ED270AB4EEC80AF1EE10FA04D2A8
:10AA400090ED270A80EDEF0A0FE03F4890ED2C0AC9
:10AA5000B4EEC80AF1EE10FA04DD90ED2C0A80ED98
:10AA6000EF0A02E0384880EDEF8A0020374908708D
:10AA7000354890EDEA0A364880ED000A324890EDFC
:10AA8000EF0A3348D0ED000A30EEC00A10EE101A7B
:10AA9000084607F0D1F941EC1A0BB0EE4A0AF0EE85
:10AAA0006A0AF9F751F8B0EE409AF0EE609A51EC6C
:10AAB000190B06F083FA2749086000202649088010
:10AAC00026490870264908702649088026490880CA
:10AAD000264908701C4890EDEA0A254880ED000AD6
:10AAE000002024490870244908809FED240A244846
:10AAF00080ED000A1348006820F02000114908602A
:10AB00000846006820F0400008600846006820F40D
:10AB10000050086000201B4908700A48006820F0B7
:10AB2000800080300749086002F0DAF901221146FE
:10AB30001548F7F71EFD01211348F7F734FC00BF55
:10AB40006DE700003C010020E0100020140100200F
:10AB500018010020100100201C0100201E0100200F
:10AB60001F010020200100202201002024010020DC
:10AB7000280100202C0100202E01002000000000F0
:10AB800030010020380100200004004072B64AF66F
:10AB9000AA20584908604FF6FF715748F6F758FB4E
:10ABA0004FF6FF715548F6F753FB4FF6FF715448C7
:10ABB000F6F74EFB4FF6FF715248F6F749FB4E4849
:10ABC000F6F736FA4D48F6F733FA4D48F6F730FA0D
:10ABD0004C48F6F72DFA002240F225514A48F8F782
:10ABE000E4F900214848F8F71CF9002240F2255109
:10ABF0004648F8F7DAF900214448F8F712F900223C
:10AC000040F225514248F8F7D0F900214048F8F7C2
:10AC100008F93D48F8F71AF93C48F8F717F93C48A5
:10AC2000F8F714F900214020F6F7E4FC0020F6F7CD
:10AC300005FE002201213748F7F79BFC002135482B
:10AC4000F7F7B1FB3348F7F7BBFB0022012132488D
:10AC5000F7F78FFC00213048F7F7A5FB00212E48BD
:10AC6000F7F7A1FB002201212C48F7F782FC002115
:10AC70002A48F7F798FB00212848F7F794FB0022B1
:10AC800001212748F7F775FC00212548F7F78BFBD2
:10AC900000212348F7F787FB002201212148F7F71D
:10ACA00068FC00211F48F7F77EFB00211D48F7F7DD
:10ACB0007AFB6420FFF774FA01211B4806F044F97F
:10ACC0000121194806F040F90121174806F03CF926
:10ACD00000BFBFF34F8F1548006800F4E0601449CF
:10ACE0000843001D11490860BFF34F8F00BF00BF2C
:10ACF00000BFFDE7003000400000024000040240B9
:10AD000000080240000C02400010014000440040D6
:10AD1000004C0040000800400004004000140040C7
:10AD20000044014000480140FC1F00200CED00E001
:10AD30000000FA0510B50446072C19D032480078F7
:10AD4000C0F300110220F7F7BFFF2F480078010978
:10AD50002D48006861F318602B490860012005F058
:10AD6000CBF82948006864F30A202749086015E0F9
:10AD700025480068C0F3006040B12348006820F413
:10AD8000E06000F5C0602049086007E01E480068E8
:10AD900020F4E06000F580601B490860082C2CD28C
:10ADA000DFE804F0040C141C2B2B2B241748D0EDE7
:10ADB000130AB0EE600AFFF7F9FD1FE01348D0ED6B
:10ADC000180AB0EE600AFFF7F1FD17E00F48D0ED6A
:10ADD0001D0AB0EE600AFFF7E9FD0FE00B48D0ED69
:10ADE000220AB0EE600AFFF7E1FD07E006490968B4
:10ADF000C1F3006005F080F800E000BF00BF21460D
:10AE0000112006F04FF810BD3C010020E01000209A
:10AE10000FB4F0B52DED028BADB0659C9DF890019F
:10AE200028B92DB0BDEC028BF0BC5DF814FB9DF889
:10AE3000D200FE2876D19DF8D000132809D09DF8C5
:10AE4000D000122805D09DF8D000112801D0012093
:10AE500000E00020074637B39DF8D300802822DAAF
:10AE600013218DF8F5109DF8D400411D3DA8FCF785
:10AE700057FC06469DF8D400401D3DA90E54320AE9
:10AE80009DF8D400801D0A549DF8D400C01DC0B2A6
:10AE90008DF8D400B42238A96846F5F71BFB34A816
:10AEA0000FC8A047BDE74FF0FF359DF8D300E52858
:10AEB00079D021DCBB2830D00BDCA0F1AF000C280E
:10AEC00072D2DFE800F03B7483717171474D89B82D
:10AED0008F9AE02869D008DCBC2867D0BD2871D0E3
:10AEE000BE2870D0BF285FD11DE0E2286CD0E328D7
:10AEF0006BD0E428F7D1B3E0E6381728E0D2DFE8DA
:10AF000000F0B6BCCCD053D6DAE2F5FC53F2F1F047
:10AF10008253EF53EEEDEC53EB003DA9204603F0D6
:10AF200034FF57E16AE19DF8D400002805DD9DF863
:10AF3000D4100DF1F90002F09DFA4BE134A9086933
:10AF400005F016FDB0EE408A34A9C86805F07EF819
:10AF500005463FE19DF8D010204604F02BFC39E176
:10AF60009DF8D000132804D10120C549087003F0D2
:10AF7000DBFF34A8C068289034A80069299034A861
:10AF800040692A9034A880692B9034A8C0692C901D
:10AF900028A802F0F5F99DF8D0209DF8D3002146AD
:10AFA00004F0CBFC16E155E013E12DE020E0DDEDEF
:10AFB000360AF8EE600AB0EE600A0A2004F0DAFF02
:10AFC000054607E126E060E02AE03FE09DF8D0106A
:10AFD000204604F0E7FDFDE09DF8D010204604F087
:10AFE00051FCF7E09DF8D010204604F04DFAF1E056
:10AFF000369805F095F845B2ECE09DF8D010204663
:10B0000004F0ECFDE6E0E5E09DF8D010204604F009
:10B01000C5FADFE09DF8D010204604F005FBD9E02A
:10B020009DF8D0100C2005F03DFF3699C8B2FFF70F
:10B0300081FE0125CEE0DDED360AF8EE600AB0EEC5
:10B04000600A092004F096FF0546C3E0FFF768F99F
:10B050000546BFE09DF8D010204604F02FFCB9E073
:10B060009DF8D0202146369804F06AFBB2E09DF8A6
:10B07000D010204604F04AFCACE09DF8D020369970
:10B08000C8B2214604F06AFCA4E09DF8D0203699AD
:10B09000C8B2214604F00CFD9CE005F05BFD0546BE
:10B0A00098E09DF8D010204604F0E6FC92E005F010
:10B0B00041FC01258EE09DF8D0203699C8B221468A
:10B0C00004F01CFA86E0369EF3B234AE0C3607CE9E
:10B0D00005F0E4FD05467DE020E060E04BE054E053
:10B0E0006BE024E061E02EE007E0FFE79DF8D02070
:10B0F0002146EE2004F021FC6CE0DDED370AF8EE8D
:10B10000600AB0EE600A122004F034FF054600F039
:10B1100067FE05F01FFD00B900255BE09DF8D0201B
:10B120002146FC2004F009FCFFF730FD52E034A971
:10B13000C86805F01DFCB0EE408A3699C8B204F02C
:10B1400019FF054646E04F480078C0F3001080B173
:10B15000369805F00DFCB0EE408AFFF727FC01257C
:10B160004848006820F4E06000F5C0604549086088
:10B1700000E000252EE09DF8D0100C2005F092FE96
:10B18000002004F0B9FE054624E09DF8D0100C2004
:10B1900005F088FE012004F0AFFE05461AE09DF898
:10B1A000D010204604F042FD14E09DF8D0203699DE
:10B1B000C8B2214604F024FC0CE09DF8D0202146C2
:10B1C000F62004F0BAFB4FF47A70FEF7E9FFF7F7C8
:10B1D000BFFF00BF00BF012D07D19DF8D0209DF813
:10B1E000D300214604F0A9FB07E035B99DF8D02033
:10B1F0009DF8D300214604F021FB3FE09DF8D300E9
:10B20000E12824D006DCAC280BD0AD280DD0AE2828
:10B2100032D113E0EA2822D0F52822D0FE282BD103
:10B220001AE0369804F07CFF27E09DF8D0100C203F
:10B2300005F038FE012004F05FFE1EE09DF8D010FE
:10B240000C2005F02FFE002004F056FE15E0369984
:10B25000C8B2FFF76FFD10E0FFF798FC0DE0F7F7BD
:10B2600077FF094804600748006820F4002000F5D3
:10B2700000200449086000E000BF00BF00BFD0E527
:10B280000C0200203C0100207401002030B58FB07A
:10B2900004460D4601214805F6F78CF9FEF7ACFF90
:10B2A000FEF7A2FF4FF060600090194801900294F1
:10B2B00000200390049505904FF4806006900020D4
:10B2C0000790089009904FF400300A9000200B90EE
:10B2D0000C900D900E9069460E48F5F74DFD012239
:10B2E00010210C48F5F72AFD0E2000280DDB00BFC9
:10B2F00000BF00F01F02012191404209920002F1BB
:10B30000E022C2F8001100BF00BF00BF0FB030BD87
:10B3100010580040586002402DE9F04106460F46A3
:10B32000154615B90120BDE8F0814FF4FA64FEF727
:10B3300063FF08B90020F6E7FEF756FF29465F488D
:10B34000F5F746FD01215E48F5F7A6FF01215C48AF
:10B35000F5F7DBFF4FF2FF715948F6F7BDF808E04B
:10B36000601E80B2041E04D1554800F0ABF80020E6
:10B37000D9E74FF400315248F6F71CF80028EFD116
:10B3800001214F48F5F7FEFF4FF4FA6408E0601E14
:10B3900080B2041E04D14A4800F094F80020C2E7AD
:10B3A00047481430008800F001000028EFD0002248
:10B3B00031464348F6F7A2F84FF4FA6408E0601EFD
:10B3C00080B2041E04D13E4800F07CF80020AAE7B9
:10B3D0003B481430008800F002000028EFD03848C5
:10B3E000143000883648183000884FF4FA6408E0BA
:10B3F000601E80B2041E04D1314800F063F80020C2
:10B4000091E72F481430008800F080000028EFD02A
:10B4100039462B48F6F77AF84FF4FA6408E0601ED4
:10B4200080B2041E04D1264800F04CF800207AE7D0
:10B4300023481430008800F004000028EFD00121D8
:10B440001F48F5F79FFF4FF4FA6408E0601E80B2D2
:10B45000041E04D11A4800F035F8002063E71848AC
:10B460001430008800F001000028EFD0012231469E
:10B470001348F6F743F84FF4FA6408E0601E80B210
:10B48000041E04D10E4800F01DF800204BE70C48C4
:10B490001430008800F002000028EFD00848143073
:10B4A000008807481830008801210448F5F74EFB52
:10B4B00001210348F5F71DFF012034E758600240E1
:10B4C0000058004010B5044601212046F5F766FFFC
:10B4D000A08A208B01212046F5F7DEFE10BD00007A
:10B4E00010B586B004463F48844204D03E488442AA
:10B4F00001D006B010BD01210220F6F75BF820460E
:10B50000F5F710FF0520FEF74BFE02208DF8140022
:10B510008DF8150001208DF816008DF817003248BF
:10B52000844211D101218805F6F774F84FF4406088
:10B53000049004220A212D48F5F75EFE04220B2117
:10B540002A48F5F759FE0FE001214805F6F762F8A1
:10B55000C0200490042206212448F5F74DFE042261
:10B5600007212248F5F748FE04A92048F5F7FCFD1D
:10B570001F4800900020ADF804004BF6FF70ADF8B6
:10B5800006000020ADF808004FF48060ADF80A0016
:10B590000001ADF80C0069462046F5F729FF0121AE
:10B5A0002046F5F79AFE1048844219D14FF44050D6
:10B5B000049001208DF8140002208DF81500012060
:10B5C0008DF816008DF8170004A90848F5F7CCFD92
:10B5D00061140648F5F73EFEA1140448F5F73AFE5B
:10B5E00000BF86E7005400400058004000040240BD
:10B5F000A08601002DE9F04781468A4690461D4607
:10B60000089E16B90120BDE8F0874FF4FA6408E0FF
:10B61000601E80B2041E04D14846FFF753FF00208D
:10B62000F1E74FF400314846F5F7C4FE0028EFD1AA
:10B6300001214846F5F7A6FE4FF4FA6408E0601EC3
:10B6400080B2041E04D14846FFF73CFF0020DAE731
:10B6500087494846F5F72CFE0028F0D000225146D5
:10B660004846F5F74BFF4FF4FA6408E0601E80B2DD
:10B67000041E04D14846FFF725FF0020C3E77D499B
:10B680004846F5F715FE0028F0D041464846F5F744
:10B690003DFF4FF4FA6408E0601E80B2041E04D13E
:10B6A0004846FFF70FFF0020ADE77249891C484666
:10B6B000F5F7FEFD0028EFD001214846F5F762FEC0
:10B6C0004FF4FA6408E0601E80B2041E04D14846BC
:10B6D000FFF7F8FE002096E765494846F5F7E8FDD4
:10B6E0000028F0D0012251464846F5F707FF012E09
:10B6F00037D100214846F5F7CFFD4FF4FA6408E052
:10B70000601E80B2041E04D14846FFF7DBFE002015
:10B7100079E75749491C4846F5F7CAFD0028EFD09C
:10B7200001214846F5F73AFE4FF4FA6408E0601E3E
:10B7300080B2041E04D14846FFF7C4FE002062E731
:10B740004B493F314846F5F7B3FD0028EFD0484656
:10B75000F5F7D0FE287001214846F5F79DFD012040
:10B7600051E7022E43D1B1024846F5F7B5FE00215C
:10B770004846F5F791FD4FF4FA6408E0601E80B288
:10B78000041E04D14846FFF79DFE00203BE73849E0
:10B79000491C4846F5F78CFD0028EFD04FF4FA64B9
:10B7A00008E0601E80B2041E04D14846FFF78AFEFE
:10B7B000002028E730494846F5F7FCFD0128F0D184
:10B7C00001214846F5F7EAFD4846F5F793FE287053
:10B7D0004846F5F78FFE68704FF2FF714846F5F75F
:10B7E0007BFE01214846F5F757FD01200BE74FF49A
:10B7F000FA6408E0601E80B2041E04D14846FFF7D8
:10B8000061FE0020FFE61A49491C4846F5F750FD45
:10B810000028EFD0002722E0701EB84207D1002197
:10B820004846F5F739FD01214846F5F7B7FD4FF4D5
:10B83000FA6408E0601E80B2041E04D14846FFF797
:10B8400041FE0020DFE60A493F314846F5F730FD6A
:10B850000028EFD04846F5F74DFEE8557F1CB7426B
:10B86000DADB01214846F5F717FD0120CBE60000A1
:10B870000100030082000700040000102DE9F041E0
:10B880000446884616461F464FF4FA6509E0681ECE
:10B8900080B2051E05D12046FFF714FE0020BDE84A
:10B8A000F0814FF400312046F5F784FD0028EED1F9
:10B8B00001212046F5F766FD4FF4FA6508E0681EA1
:10B8C00080B2051E04D12046FFF7FCFD0020E6E70C
:10B8D000A08A00F001000028F1D000224146204655
:10B8E000F5F70CFE4FF4FA6508E0681E80B2051EFD
:10B8F00004D12046FFF7E6FD0020D0E7A08A00F043
:10B9000002000028F1D0A08A208B4FF4FA6508E0ED
:10B91000681E80B2051E04D12046FFF7D3FD00202B
:10B92000BDE7A08A00F080000028F1D03146204613
:10B93000F5F7ECFD4FF4FA6508E0681E80B2051ECD
:10B9400004D12046FFF7BEFD0020A8E7A08A00F042
:10B9500004000028F1D039462046F5F7D7FD4FF412
:10B96000FA6508E0681E80B2051E04D12046FFF784
:10B97000A9FD002093E7A08A00F004000028F1D080
:10B9800001212046F5F70AFD012088E710B501F0F6
:10B9900005FF1348006820F400301149086008468C
:10B9A000006820F48000086000240DE001F048FEEB
:10B9B00030B10B48006820F400600949086010BDF0
:10B9C0001920FEF7EDFB641C052CEFD3044800683A
:10B9D00020F4006000F500600149086000BFEEE758
:10B9E0003C01002000B59DB001218805F5F7E2FD7E
:10B9F00001210846F5F7DEFD01210802F5F72AFED0
:10BA0000002004905948059059480690002007905E
:10BA100003200890002009904FF480600A904000B5
:10BA20000B9080000C9040110D9040020E9004206D
:10BA30000F900120109000201190129004A94D4801
:10BA4000F5F79AF901214B48F5F780F80C200290A0
:10BA500003208DF80C0000208DF80F0002A9464845
:10BA6000F5F782FB002013904FF4803014900020F3
:10BA700015904FF47060169013A8F4F7EDFE0020B7
:10BA8000179001208DF860008DF86100002019905A
:10BA90001A901B9003208DF8700012208DF804007E
:10BAA00000208DF805008DF8060001208DF80700B4
:10BAB00001A8F5F731FD17A92C484C38F4F7FAFE28
:10BAC0000120F4F783FF07230122022127484C3885
:10BAD000F4F71AFF07230222032124484C38F4F715
:10BAE00013FF07230322102120484C38F4F70CFFE2
:10BAF00001211E484C38F4F7A1FE01211B484C38A7
:10BB0000F4F7CDFE012119484C38F4F7BDFE0121B0
:10BB100016484C38F4F795FE14484C38F4F750FFAB
:10BB20003220FEF73DFB6420FDF70CFC00EE100A0E
:10BB3000B8EE400A114880ED770A90ED770ADFED04
:10BB4000100AB4EEE00AF1EE10FA08D390ED770A8D
:10BB5000DFED0C0AB4EEE00AF1EE10FA04DD9FED21
:10BB60000A0A064880ED770A1DB000BD4C2001404E
:10BB7000400100201064024000000240E01000205C
:10BB800000007A440000004500C0E844F0B58FB0E2
:10BB900004460F4616463C216846F4F7EFFC0021A8
:10BBA000606AF4F7D3FF42F2107503E0681E051EC9
:10BBB00000D104E0606AF5F781F80028F6D100BFF3
:10BBC000606AF4F7CFFF6DB942F2107500BF606A8A
:10BBD000006800F0010010B1681E051EF7D10DB914
:10BBE0000FB0F0BD206A00902068001D0190029601
:10BBF0000020039096200490002005904FF4806070
:10BC000006900020079008904FF4807009904FF440
:10BC100040300A9000200B900C900D900E906946D9
:10BC2000606AF5F7A9F8012240212068F7F705F9C5
:10BC30000121606AF4F78AFF00BFD1E730B58FB009
:10BC400004460D463C216846F4F798FC6069F4F719
:10BC500089FF206900902068001D0190402003901A
:10BC6000002005904FF48060069000200790089017
:10BC700009904FF440300A9000200B9003200C9064
:10BC800000200D900E903C2269462846F4F722FCD5
:10BC900094F91800002807DB00F01F0201219140F1
:10BCA0000C4A430942F8231000BF94F918000028F9
:10BCB0000DDB00BF00BF00F01F02012191404209CF
:10BCC000920002F1E022C2F8001100BF00BF00BFE5
:10BCD0000FB030BD80E200E010B5002202490348F9
:10BCE000FEF7DEFB10BD0000D80100202C1800205C
:10BCF0001FB501210420F5F75DFC01210220F5F7B5
:10BD000059FC01211020F5F755FC0A22012102A857
:10BD1000FDF766FF02A91348F5F726FA022111483C
:10BD2000F5F798FA042201216846FDF759FFDDE98D
:10BD30000001CDE9020102A90B48F5F715FA04212B
:10BD40000948F5F787FA062201216846FDF748FF02
:10BD5000DDE90001CDE9020102A90448F5F704FA82
:10BD60001FBD000000080240001002400004024015
:10BD700010B504E0184800680830174908601648F4
:10BD80000068001D154988420DD21348006802F072
:10BD9000F1FF401C38B110480068001D02F0EAFFB6
:10BDA000401C0028E6D10C480068001D0B49884261
:10BDB00011D20948006802F0DDFF401C58B1064866
:10BDC0000068001D02F0D6FF401C20B90248006840
:10BDD00008300149086010BD680100200000080813
:10BDE00000B585B000F026F8114890ED8B0ABCEE46
:10BDF000C00A8DED000A90ED900ABCEEC00A8DEDF0
:10BE0000010A90ED950ABCEEC00A8DED020A90ED94
:10BE10009F0ABCEEC00A8DED030A90EDA40ABCEEA9
:10BE2000C00A8DED040A684601F0AAFA05B000BD0B
:10BE3000E01000201FB501210846F5F7BBFB0121EA
:10BE40000820F5F7B7FB4FF4C052012102A8FDF717
:10BE5000C7FE02A90648F5F787F94FF40052002102
:10BE60006846FDF7BDFE69460248F5F77DF91FBD3E
:10BE700000000240000C02401FB501212020F5F710
:10BE8000C9FB40F2A310ADF80400C72002900020C7
:10BE9000ADF80600ADF80C0001A90E48F6F7BAFBA4
:10BEA00037208DF8000004208DF8010000208DF867
:10BEB000020001208DF803006846F5F72DFB0122F2
:10BEC00011460448F6F755FB01210248F6F76BFAD4
:10BED0001FBD00000014004070B5044694F8BC106B
:10BEE00004F12400081A401FC6B228200655207904
:10BEF00030442071D4F8BC10491C04F1BA008142CE
:10BF000001D3002070BD2079811E04F12400FBF7CD
:10BF100007FC054654F8BC2F2068401C20601570B3
:10BF2000280A54F8BC1908700120EBE710B5FD4C45
:10BF30009FEDFD0A84ED040A9FEDFC0A84ED000AE2
:10BF40009FEDFB0A84ED010A0422FAA104F1080026
:10BF5000F4F73BFB0021217300BF9FEDF80A84ED4D
:10BF6000090A9FEDF20A84ED050A9FEDF10A84EDBE
:10BF7000060A0422F2A104F11C00F4F726FB0021BA
:10BF800084F8201000BF9FEDF00A84ED0E0A9FEDAB
:10BF9000EF0A84ED0A0A9FEDEE0A84ED0B0A0422F3
:10BFA000ECA104F13000F4F710FB002184F8341008
:10BFB00000BFBBEE0C0A84ED130A9FEDE40A84ED8A
:10BFC0000F0A9FEDE30A84ED100A0422E3A104F1B5
:10BFD0004400F4F7FAFA002184F8481000BFBBEEE1
:10BFE0000C0A84ED180A9FEDD90A84ED140A9FED1E
:10BFF000D80A84ED150A0422DAA104F15800F4F7F6
:10C00000E4FA002184F85C1000BFBBEE0C0A84ED5A
:10C010001D0A9FEDCE0A84ED190A9FEDCD0A84ED2D
:10C020001A0A0422D1A104F16C00F4F7CEFA00211F
:10C0300084F8701000BFB3EE0C0A84ED220A9FED65
:10C04000C30A84ED1E0A9FEDC20A84ED1F0A042272
:10C05000C8A104F18000F4F7B8FA002184F8841034
:10C0600000BFB3EE0C0A84ED270A9FEDC40A84EDED
:10C07000230A9FEDB50A84ED240A0422C0A104F12D
:10C080009400F4F7A2FA002184F8981000BFBBEEE8
:10C090000C0A84ED2C0A9FEDAC0A84ED280A9FED72
:10C0A000BA0A84ED290A0422B8A104F1A800F4F721
:10C0B0008CFA002184F8AC1000BFB7EE000A84EDC2
:10C0C000310A9FEDAE0A84ED2D0A9FED9F0A84EDA3
:10C0D0002E0A0422AFA104F1BC00F4F776FA002185
:10C0E00084F8C01000BF9FED980A84ED360A9FEDDA
:10C0F000A30A84ED320A9FED940A84ED330A0422E8
:10C10000A6A104F1D000F4F760FA002184F8D4105D
:10C1100000BF9FEDA40A84ED3B0AB0EE080A84ED4F
:10C12000370A9FEDA10A84ED380A04229FA104F189
:10C13000E400F4F74AFA002184F8E81000BFB7EEF3
:10C14000000A84ED400AB3EE040A84ED3C0AB7EE1F
:10C15000000A84ED3D0A042296A104F1F800F4F7E8
:10C1600034FA002184F8FC1000BF9FED770A84EDBB
:10C17000450A9FED920A84ED410A9FED910A84EDF4
:10C18000420A04228FA104F58670F4F71EFA0021FA
:10C1900084F8101100BF9FED6C0A84ED540A9FEDE6
:10C1A0006A0A84ED500A9FED680A84ED510A042260
:10C1B00086A104F5A470F4F708FA002184F84C1164
:10C1C00000BF9FED610A84ED4F0A9FED5F0A84ED89
:10C1D0004B0A9FED5D0A84ED4C0A04227DA104F513
:10C1E0009A70F4F7F2F9002184F8381100BFB0EE2C
:10C1F000080A84ED4A0AB2EE080A84ED460ABAEE4D
:10C20000080A84ED470A042274A104F59070F4F73B
:10C21000DCF9002184F8241100BFB1EE080A84ED96
:10C22000590AB2EE0E0A84ED550A9FED470A84EDD5
:10C23000560A04226BA104F5AE70F4F7C6F900218A
:10C2400084F8601100BFB7EE000A84ED5E0A9FED2E
:10C25000670A84ED5A0A9FED3C0A84ED5B0A0422CA
:10C2600063A104F5B870F4F7B0F9002184F87411F3
:10C2700000BFB7EE000A84ED630AB7EE000A84ED52
:10C280005F0A9FED310A84ED600A04225AA104F589
:10C29000C270F4F79AF9002184F8881100BFBFEE4C
:10C2A000000A84ED680AB7EE000A84ED640ABFEE66
:10C2B000000A84ED650A042251A104F5CC70F4F75C
:10C2C00084F9002184F89C1100BF9FED1F0A84EDC2
:10C2D0006D0A9FED3A0A84ED690A9FED390A84EDF3
:10C2E0006A0A042248A104F5D670F4F76EF9002119
:10C2F00084F8B01100BFB7EE000A84ED720AB7EE01
:10C30000000A84ED6E0ABFEE000A84ED6F0A042273
:10C310003FA104F5E070F4F758F9002184F8C41146
:10C3200000BF79E0E0100020AE4719420000B4429F
:10C330000000B4C24C545444000000005C8F07421B
:10C340004C4E5444000000000000000000005C421D
:10C3500000005CC242544450000000004557495060
:10C3600000000000415357500000000041434C5072
:10C3700000000000575749500000000000007042C4
:10C380005550485000000000000070C2554E485003
:10C39000000000004E504E4C00000000504C4E4F2C
:10C3A0000000000085EB913FCDCCCC3D505744546C
:10C3B00000000000414653520000000000003442DB
:10C3C000000034C2534C4F50000000005554435FEE
:10C3D000000000004441544500000000545A5F5FD3
:10C3E000000000004D4F434C000000000000FA43E5
:10C3F000445349440000000053594E4300000000DC
:10C40000424F5844000000004F46535400000000C3
:10C4100041415044000000009FEDFE0A84ED770A80
:10C420009FEDFD0A84ED730A9FEDFC0A84ED740A0A
:10C430000422FBA104F5EA70F4F7C7F8002184F8A0
:10C44000D81100BF9FEDF80A84ED7C0AB0EE000A17
:10C4500084ED780AB8EE000A84ED790A0422F3A18B
:10C4600004F5F470F4F7B1F8002184F8EC1100BF82
:10C47000B7EE000A84ED810AB7EE000A84ED7D0A6A
:10C480001FED4F0A84ED7E0A0422EAA104F5FE7036
:10C49000F4F79BF8002184F8001200BFB7EE000A01
:10C4A00084ED860AB7EE000A84ED820A1FED5A0A6F
:10C4B00084ED830A0422E1A104F50470F4F785F801
:10C4C000002184F8141200BF9FEDDE0A84ED8B0A70
:10C4D0009FEDDC0A84ED870A1FED650A84ED880A6A
:10C4E0000422D9A104F50970F4F76FF8002184F84B
:10C4F000281200BFB3EE0E0A84ED900AB3EE0E0AC6
:10C5000084ED8C0AB3EE050A84ED8D0A0422D0A1D5
:10C5100004F50E70F4F759F8002184F83C1200BFBE
:10C52000B3EE090A84ED950A9FEDCB0A84ED910ADA
:10C530001FED7B0A84ED920A0422C8A104F5137052
:10C54000F4F743F8002184F8501200BFB3EE080A54
:10C5500084ED9A0A9FEDC00A84ED960A1FED860AC3
:10C5600084ED970A0422BFA104F51870F4F72DF8A2
:10C57000002184F8641200BF9FEDBC0A84ED9F0A7D
:10C580009FEDBB0A84ED9B0A9FEDBA0A84ED9C0ADD
:10C590000422B9A104F51D70F4F717F8002184F8FE
:10C5A000781200BFB7EE000A84EDA40AB7EE000AC5
:10C5B00084EDA00A1FED9C0A84EDA10A0422B0A11B
:10C5C00004F52270F4F701F8002184F88C1200BF02
:10C5D0001FEDA30A84EDA90AB7EE000A84EDA50AAF
:10C5E0001FEDA70A84EDA60A0422A7A104F527706F
:10C5F000F3F7EBFF002184F8A01200BF1FEDAE0A95
:10C6000084EDAE0AB7EE000A84EDAA0A1FEDB20A65
:10C6100084EDAB0A04229EA104F52C70F3F7D5FF3C
:10C62000002184F8B41200BF1FEDAC0A84EDB30AF8
:10C630001FEDC20A84EDAF0AB2EE040A84EDB00A1F
:10C64000042295A104F53170F3F7BFFF002184F8AF
:10C65000C81200BFB3EE0E0A84EDB80A1FEDCD0A72
:10C6600084EDB40AB2EE040A84EDB50A04228CA16A
:10C6700004F53670F3F7A9FF002184F8DC1200BF3F
:10C680001FEDD60A84EDBD0A9FED870A84EDB90A35
:10C69000B3EE0E0A84EDBA0A042284A104F53B70BD
:10C6A000F3F793FF002184F8F01200BF1FEDDA0AC0
:10C6B00084EDC20A9FED7C0A84EDBE0A1FEDDE0AFE
:10C6C00084EDBF0A04227BA104F54070F3F77DFFDF
:10C6D000002184F8041300BF1FEDE50A84EDC70AAA
:10C6E000B7EE000A84EDC30A1FEDE90A84EDC40A1F
:10C6F000042272A104F54570F3F767FF002184F866
:10C70000181300BF1FEDF00A84EDCC0A1FEDD50A07
:10C7100084EDC80A1FEDD60A84EDC90A042269A176
:10C7200004F54A70F3F751FF002184F82C1300BF81
:10C730009FED660A84EDD10A9FED5B0A84EDCD0A78
:10C740009FED630A84EDCE0A042262A104F54F70C6
:10C75000F3F73BFF002184F8401300BF9FED5F0A11
:10C7600084EDD60A9FED5D0A84EDD20A9FED5B0A47
:10C7700084EDD30A04225AA104F55470F3F725FF7F
:10C78000002184F8541300BF574802F0F3FA00EE7A
:10C79000100AB8EE400A84EDDB0A9FED500A84EDE2
:10C7A000D70A9FED4E0A84EDD80A04224FA104F562
:10C7B0005970F3F70AFF002184F8681300BFB0EE48
:10C7C000080A84EDE00A9FED450A84EDDC0A9FED3E
:10C7D000430A84EDDD0A042246A104F55E70F3F7F6
:10C7E000F4FE002184F87C1300BF9FED440A84ED21
:10C7F000E50A9FED3A0A84EDE10A9FED380A84EDDF
:10C80000E20A04223EA104F56370F3F7DEFE002184
:10C810007AE0000000C0CF44000000450040B7446B
:10C8200043534F5300000000ABAAA63C435343457B
:10C8300000000000534C43410000000045544348B1
:10C8400000000000002474474149524400000000E9
:10C8500054505752000000000000A6424443484E86
:10C86000000000004943484E00000000000016464A
:10C870000000E1470000964450525445000000007B
:10C8800046494D4500000000434D5645000000005C
:10C89000434452450000000042535645000000004A
:10C8A00042535644000000000000C8424254504821
:10C8B000000000004254504C000000004254534518
:10C8C000000000004445464C000000000000A0426B
:10C8D00000008C424D445443000000000000000062
:10C8E00043454E4400000000107AFF1F554E494456
:10C8F0000000000044545950000000009A99814102
:10C90000565253590000000084F8901300BF1FEDE9
:10C910000D0A84EDEA0A1FED0F0A84EDE60A1FED09
:10C92000110A84EDE70A0422E6A104F56870F3F722
:10C930004CFE002184F8A41300BF1FED180A84EDFB
:10C94000EF0A1FED1A0A84EDEB0A1FED1C0A84EDB5
:10C95000EC0A0422DDA104F56D70F3F736FE002128
:10C960004FF46E70015500BF1FED240A84EDF40AE8
:10C970001FED260A84EDF00A1FED280A84EDF10A66
:10C980000422D4A104F57270F3F71FFE002184F88D
:10C99000CC1300BF1FED2F0A84EDF90A1FED310AF9
:10C9A00084EDF50A1FED330A84EDF60A0422CBA1CB
:10C9B00004F57770F3F709FE002184F8E01300BF57
:10C9C0001FED3A0A84EDFE0A1FED3C0A84EDFA0AD7
:10C9D0001FED3E0A84EDFB0A0422C2A104F57C701F
:10C9E000F3F7F3FD002184F8F41300BF1FED450AAF
:10C9F00004F57F7080ED040A1FED480A84EDFF0AFC
:10CA00001FED4A0A80ED010A0422B8A10830F3F7AD
:10CA1000DCFD002184F8081400BF1FED500A04F566
:10CA2000826080ED040A1FED530A103880ED040A7D
:10CA30001FED560A103080ED010A0422ADA1083026
:10CA4000F3F7C3FD002184F81C1400BF1FED5D0A3D
:10CA500004F2244080ED040A1FED600A243880EDC2
:10CA6000090A1FED620A243080ED010A0422A3A105
:10CA70000830F3F7AAFD002184F8301400BF1FED41
:10CA8000690A04F5876080ED040A1FED6C0A3838E6
:10CA900080ED0E0A1FED6F0A383080ED010A042286
:10CAA00098A10830F3F791FD002184F8441400BFE9
:10CAB0001FED760A04F24C4080ED040A1FED790A5E
:10CAC0004C3880ED130A1FED7B0A4C3080ED010AD3
:10CAD00004228EA10830F3F778FD002184F8581461
:10CAE00000BF1FED820A04F58C6080ED040A1FED83
:10CAF000850A603880ED180A1FED880A603080EDE5
:10CB0000010A042283A10830F3F75FFD002184F8B5
:10CB10006C1400BF1FED8F0A04F2744080ED040A0C
:10CB20001FED920A743880ED1D0A1FED940A7430CF
:10CB300080ED010A042279A10830F3F746FD0021B7
:10CB400084F8801400BF1FED9B0A04F5916080ED0E
:10CB5000040A1FED9E0A883880ED220A1FEDA10A03
:10CB6000883080ED010A04226EA10830F3F72DFD14
:10CB7000002184F8941400BF1FEDA80A04F29C4021
:10CB800080ED040A1FEDAB0A9C3880ED270A1FEDEB
:10CB9000AD0A9C3080ED010A042264A10830F3F74D
:10CBA00014FD002184F8A81400BF1FEDB40A04F599
:10CBB000966080ED040A1FEDB70AB03880ED2C0AAC
:10CBC0001FEDBA0AB03080ED010A042259A10830E5
:10CBD000F3F7FBFC002184F8BC145848006820F0EF
:10CBE0000800564908600846006820F00400086004
:10CBF0000846006820F0010008600846006820F040
:10CC00001000103008600846006820F0807000F1C5
:10CC1000807008600846006820F0800008600846C0
:10CC2000006820F4002008600846006820F4803086
:10CC300000F5803008600846006820F002000860B7
:10CC40000846006820F4E06000F5C060086008460F
:10CC5000006820F4003008600846006820F4006096
:10CC600008600846006820F48020086008460068D4
:10CC700020F4801008600846006820F40010086066
:10CC80000846006820F0007008600846006820F43C
:10CC9000805008600846006820F0200008600846C0
:10CCA000006820F0400008600846006820F480001A
:10CCB00008600846006820F44040086001F098FFD2
:10CCC00010BD00004158415F000000005441584130
:10CCD0000000000043524E530000000043505554E2
:10CCE000000000004C414341000000004E585354E6
:10CCF00000000000494E505600000000494E5043CD
:10CD000000000000494E504C000000004C4F4143D1
:10CD100000000000424154540000000042415453BE
:10CD20000000000042415456000000005253534995
:10CD30000000000050454E44000000003C0100206F
:10CD400000B58BB001210220F4F734FC0121480426
:10CD5000F4F780FC01218804F4F77CFC01208DF8B5
:10CD600028002820099000208DF82A008DF82B003B
:10CD700003208DF8290009A93048F4F7F5F9282196
:10CD80002E48F4F765FA02208DF828004FF4407021
:10CD9000099001208DF82B0009A92848F4F7E4F93F
:10CDA000032208212548F4F727FA03220921234802
:10CDB000F4F722FA0020ADF82000ADF81A00632045
:10CDC0000790A720ADF8180006A91D48F5F722FC2A
:10CDD0006020ADF804000020ADF810000120ADF88F
:10CDE00006000020039001A91548F5F7CBFB0821A8
:10CDF0001348F5F705FC01211148F5F7C5FA0121A3
:10CE00000F48F5F7D0FA06A90E48F5F703FC01A97B
:10CE10000C48F5F7B7FB08210A48F5F7F1FB0121AB
:10CE20000848F5F7B1FA01210648F5F7BCFA2821C0
:10CE30000248F4F70FFA0BB000BD000000040240F6
:10CE4000004401400048014010B500220249034857
:10CE5000FDF726FB10BD00004C020020C41F00207F
:10CE600000B585B000200190009001210807F4F77B
:10CE7000D1FB0120F4F796FB0120F4F7BBFCF4F79B
:10CE800043FF0020F4F770FF41F6FF70F4F716FF40
:10CE900001218803F4F7D2FD4FF48000F3F79CFFE3
:10CEA0004FF48000039000208DF8100008208DF8CA
:10CEB000110001208DF8120003A8F3F793FF03205F
:10CEC0008DF8080000208DF809008DF80A00012077
:10CED0008DF80B0002A8F4F71FFB05B000BD0000A1
:10CEE0001FB501210220F4F795FB42F2CF00ADF807
:10CEF0000400F92002900020ADF80600ADF80C0007
:10CF000001A90E48F5F786FB1D208DF800000220D0
:10CF10008DF8010000208DF8020001208DF803003B
:10CF20006846F4F7F9FA002201210448F5F721FBDD
:10CF300000210248F5F737FA1FBD00000004004049
:10CF400010B50748FEF7CCFAFCF79AFDFCF7A6FDF2
:10CF5000FCF7B2FD0020FCF7B9FDFCF7C3FD10BDE6
:10CF60000054004010B504460B48006840F0807043
:10CF7000094908600948006840F001000749086055
:10CF80000020074908700748C461074A014607485E
:10CF9000FDF786FA10BD0000FCED00E0001000E097
:10CFA000440200201002002035D50108541B002047
:10CFB0002DE9FF4104460F4615461E466068FDF701
:10CFC00033F901214805F4F7F5FA01218805F4F752
:10CFD000F1FA2068FDF75CF92046FCF78DFDE06969
:10CFE00000900020ADF80C000C20ADF80A000020E5
:10CFF000ADF80800ADF80600ADF8040069462068F9
:10D00000F5F7F8FF2046FCF798FD002240F2255185
:10D010002068F5F7CAFF012240F224412068F5F7A5
:10D02000C4FF01212068F5F7FCFE39462046FEF7D3
:10D0300005FE324629462046FEF7A8FDBDE8FF81E1
:10D04000F0B52DED088B83B00446554890ED310ABC
:10D05000BDEEC00A10EE105A002D7DD06E1E304677
:10D0600006EBD0714910A6EB4101B9B1284605EB9A
:10D07000D072521002EB420204EB820292ED010ADE
:10D08000FFEE000A20EE200A294605EBD17252106D
:10D0900002EB420204EB820282ED010A304604F008
:10D0A0006CFA41EC1B0B9FED3F0B53EC102B04F083
:10D0B00073F841EC1A0BB0EE4A0AF0EE6A0AF6F782
:10D0C0004FFDB0EE409AF0EE609A51EC190B04F06F
:10D0D000F7F9064601203DE000EB400104EB810139
:10D0E00091ED010AFFEE000A20EE200A00EB40015C
:10D0F00004EB810181ED010A291A01EB410104EBE6
:10D10000810191ED010AFFEE000A20EE200A291AA2
:10D1100001EB410104EB810181ED010A00EB4001CB
:10D1200004EB81030ECB8DE80E0000EB400104EB15
:10D1300081012A1A02EB420204EB82078CCF8CC1D8
:10D14000291A01EB410104EB81019DE88C008CC19F
:10D15000411CC8B2B04200E01EE0BDDD94ED028A81
:10D1600000200EE0411C01EB410104EB810191ED37
:10D17000020A00EB400104EB810181ED020A411C2F
:10D18000C8B2691E8142EDDC681E00EB400004EB72
:10D19000800080ED028A00BF03B0BDEC088BF0BDBB
:10D1A000E010002000000000000000402DE9F041E8
:10D1B00004460D4616461F46DDF8188041462046B7
:10D1C00003F084FC3B4632462946204603F03EFCF1
:10D1D000BDE8F08110B50248FDF7BDF910BD0000B3
:10D1E000541B00202DE9F0470546284601F0C2FDFA
:10D1F0002749884233D1281D01F0BCFD04460CB1FB
:10D20000642C02D90020BDE8F087082000EBC400A0
:10D2100000F1040905EB090001F0ACFD401C08B960
:10D220000020F0E705F1080101EBC40001F0A2FDC8
:10D2300007464FF00008002608E005F1080101EB61
:10D24000860001F097FD80EA0808761CB6EB440FD3
:10D25000F3D3474501D10120D5E70020D3E705F1FD
:10D26000AC0001F087FD0746781C08B90020CAE72A
:10D2700005F1A80001F07EFD06462A212846FAF7AE
:10D280003BFA0446A64201D10120BCE70020BAE7E0
:10D290003252415001461148814204D31048814224
:10D2A00001D2012070470E48814204D30D488142CB
:10D2B00001D20120F6E70B48814204D30A4881429B
:10D2C00001D20120EEE70948814204D30848814297
:10D2D00001D20120E6E70020E4E70000004000085A
:10D2E0000080000800C000080000010800000608D7
:10D2F000000008080FB470B5AEB0639D4FF416502F
:10D30000FFF730FE022000F0D9F84FF47A70FCF7F6
:10D3100047FFB42236A96846F3F7DCF832A80FC8F5
:10D3200002F0B0FC002403E00120FCF739FF641C8C
:10D33000FFF750FF10B1B4F5FA7FF5D3B4F5FA7FDB
:10D3400001D2002000E0032006466420FCF728FFFD
:10D35000002000F0B3F86420FCF722FF2846FFF716
:10D3600001FE4FF47A70FCF71BFF044803F0DCFB6E
:10D3700030462EB070BC5DF814FB00000044004045
:10D3800030B5E5B004461422214660A8F3F7A2F8B0
:10D3900060A801F05DFD9DED600AB8EE400A1C48F2
:10D3A00080ED8B0A9DED610AB8EE400A80ED900A8F
:10D3B0009DED620AB8EE400A80ED950A9DED630A84
:10D3C000B8EE400A80ED9F0A9DED640AB8EE400A6F
:10D3D00080EDA40A90ED5E0ABCEEC00A10EE102AA1
:10D3E00060A92FA8FAF7BEF86398B42233A92D904C
:10D3F0006846F3F76FF82FA80FC8FFF77BFF0546C5
:10D4000015B9002003490870284665B030BD0000FA
:10D41000E01000200C02002000B5DFB010480078BA
:10D4200008B95FB000BD0F4840680F490968401A4D
:10D4300000D5F6E772B6C4220C492EA8F3F74AF8D5
:10D4400000200749087062B6B82231A96846F3F790
:10D4500041F807482EA90EC9FDF781F800BFE0E7A3
:10D4600044020020001000E048020020681E002056
:10D47000541B002070B505460C4615B10CB1932C19
:10D4800001D9002070BDFF200A490870487017209C
:10D490008870224629460748C01CF2F7D6FFE01CD8
:10D4A000C2B204490448FDF7B8F808B90120E9E719
:10D4B0000020E7E72C1F0020541B002010B5044675
:10D4C00000F086F834B1012C0FD0022C18D0032CB8
:10D4D0002CD120E04FF400611548F3F7B9FE4FF46A
:10D4E00080511348F3F7B4FE20E04FF40061104878
:10D4F000F3F7B0FE4FF480510D48F3F7A9FE15E0A5
:10D500004FF400610A48F3F7A3FE4FF48051084836
:10D51000F3F7A0FE0AE04FF400610548F3F79AFE26
:10D520004FF480510248F3F795FE00BF00BF10BDD5
:10D53000000002400FB42DE9F041DDE937469DF8C7
:10D540001C0020B90020BDE8F0015DF814FB9DF837
:10D550001C00932801DD0020F5E79DF83C00C02861
:10D5600029D09DF83D50132D03D0122D01D0112D3F
:10D5700001D1012000E0002007460020207007B103
:10D5800000E0284660701FB1104890ED9A0A02E052
:10D590000E4890ED950ABCEEC00A10EE100AA0707D
:10D5A0009DF81C200FA9E01CF2F74FFF9DF81C000E
:10D5B000C01C307008E09DF81C200FA92046F2F72F
:10D5C00044FF9DF81C0030700120BCE7E0100020F3
:10D5D00010B54FF47A7404E00120FCF7E1FD601E01
:10D5E00004B24FF400510848F3F729FE08B9002CA3
:10D5F000F2DC4FF400510448F3F721FE08B101209A
:10D6000010BD0020FCE70000000C024000BFEFF35B
:10D610001082114672B6054A1368036092888280B0
:10D620000022034B1A7001B962B670478A010020CC
:10D63000880100200148007870470000890100201F
:10D6400010B5002010490870104908701048FDF707
:10D6500047FF06210F48FDF719FE472320223221FC
:10D660000B48FEF70BF9012801D0002010BD8823DC
:10D67000232232210648FEF701F9012801D00020BB
:10D68000F4E70120F2E70000890100208801002072
:10D6900000580040900100200148007870470000C9
:10D6A0008801002010B50622A8213220FDF734FEA3
:10D6B000012800D110BD0020FCE7000000B52DEDD1
:10D6C000028B85B0FFF7E8FF18B905B0BDEC028BFF
:10D6D00000BD03A8FFF79AFF03A9684600F0C0F851
:10D6E0009DF80800B0B32A4890ED810ABDEEC00A4B
:10D6F00010EE100A10B99DED000A01E09DED010A3F
:10D70000B0EE408A224890ED6D0AD0ED680A00EE36
:10D71000C80A80EDEA0AD0EDEA0AB0EE600A02F02B
:10D720001BFD1C48006820F4003000F5003019494A
:10D7300008600846006820F4006008600020164970
:10D7400008701448006820F4800000F5800011493A
:10D7500008601AE0FFE710480078052804D20E4858
:10D760000078401C0C4908700B48007805280CD341
:10D770000848006820F4006000F500600549086072
:10D780000846006820F40030086000BF9DE70000F4
:10D79000E01000203C0100208701002010B500208F
:10D7A00015E09FED1F0A1F4901EB800181ED000A82
:10D7B0009FED1B0A1C4901EB800181ED000A9FEDE2
:10D7C000180A1A4901EB800181ED000A401C322839
:10D7D000E7D39FED130A164880ED000A9FED100A6B
:10D7E000144880ED000A9FED0E0A134880ED000AF0
:10D7F00000201249086012490860124B124A0121A8
:10D800001248F8F71DFC124B0F4A01211148F8F796
:10D8100017FC114B0C4A01211048F8F711FC10BD00
:10D8200000000000B01500207816002040170020EE
:10D83000AC010020B0010020B4010020B80100209C
:10D84000BC010020C0010020980100200818002021
:10D85000C801002014180020D0010020201800204A
:10D8600030B52DED088B8BB005460C460020089096
:10D8700009900A902078617840EA012000B208EE11
:10D88000900AA078E17840EA012000B209EE100A7F
:10D890002079617940EA012000B209EE900AB8EEE1
:10D8A000E80ADFED910A80EE201AB0EE41AAB8EE48
:10D8B000C90ADFED8D0A80EE201AF0EE41AAB8EE1B
:10D8C000E90ADFED890A80EE201AB0EE41BA8748F6
:10D8D0008749096800EB810090ED000A3AEE400AA2
:10D8E0008448D0ED000A30EE200A80ED000A82481C
:10D8F0007F49096800EB810090ED000A3AEEC00A0A
:10D900007E48D0ED000A30EE200A80ED000A7C4807
:10D910007749096800EB810090ED000A3BEE400A70
:10D920007848D0ED000A30EE200A80ED000A6F48FA
:10D930006F49096800EB810080ED00AA6E486C49D0
:10D94000096800EB8100C0ED00AA6D4868490968CC
:10D9500000EB810080ED00BA65480068401C322170
:10D96000B0FBF1F201FB12006149086066480068F3
:10D97000322804D264480068401C63490860624849
:10D9800090ED000AB8EE400AF7EE000A80EE808AB9
:10D99000584890ED000A20EE080A8DED070A574816
:10D9A00090ED000A20EE080A8DED060A554890ED2C
:10D9B000000A20EE080A8DED050A012304AA07A932
:10D9C0005248F8F707FB012303AA06A95048F8F7C5
:10D9D00001FB012302AA05A94E48F8F7FBFADDED89
:10D9E000040A60EEA00A9DED021ADDED021AB0EE07
:10D9F000600A01EE210AB5EEC00AF1EE10FA04DB6E
:10DA0000F1EEC00ACDED010A04E0DFED430ACDEDF1
:10DA1000010A00BFDDED030A60EEA00A9DED021AC7
:10DA2000DDED021AB0EE600A01EE210AB5EEC00A81
:10DA3000F1EE10FA04DBF1EEC00ACDED000A04E0CD
:10DA4000DFED350ACDED000A00BFDDED010A9DEDE9
:10DA5000030AF5F7EDFEDFED310A20EE200A8DED29
:10DA6000080ADDED000A9DED040AF5F7E1FEDFEDA1
:10DA70002B0A20EE200A8DED090A9DED040A20EE06
:10DA8000000ADDED030A9DED031A00EE810ADDEDCB
:10DA9000020A9DED021A00EE810AF0EE40BA9DEDF9
:10DAA000080A10EE101A0846F5F73BFB80B19DED11
:10DAB000090A10EE101A0846F5F733FB40B19FED46
:10DAC000180AF4EEC0BAF1EE10FA01DD012000E010
:10DAD00000208DF8280008A807C885E807000BB0CB
:10DAE000BDEC088B30BD000000007A44B01500206A
:10DAF000B8010020AC01002078160020B001002001
:10DB000040170020B4010020BC01002008180020AC
:10DB1000141800202018002000000000E12E6542AB
:10DB20000AD7233CF4F72EFAF4F7CCF91A49C802C5
:10DB3000F3F72EFD0620F3F751FAFEF719F9FEF779
:10DB4000F5F9FFF7FDF8FEF7D3F8FDF74BFFFEF709
:10DB5000C3F8FEF745F9FFF777F962B6FFF780F9EA
:10DB60000120F4F70BFFFFF7EBF9FDF70FFF0121A1
:10DB70004020F3F73FFD0120F3F760FE6420FCF73F
:10DB80000FFB0C20F5F7ACF8FEF776F902F096FEE5
:10DB900001F02EF900BFFEE70000010810B52DEDE1
:10DBA000088BB0EE408AF0EE608AB0EE419AF0EE5B
:10DBB000619A9FED1B0B53EC102B51EC180B03F0EB
:10DBC00007FD22D2B0EE491AF0EE691AB0EE480A0B
:10DBD000F0EE680AF6F750F8B0EE40BAF0EE60BA30
:10DBE00053EC192B51EC1B0B03F01AFA41EC1A0BF6
:10DBF000B0EE491AF0EE691AB0EE4A0AF0EE6A0A7F
:10DC0000F6F73AF8BDEC088B10BDB0EE491AF0EE0D
:10DC1000691AB0EE480AF0EE680AF6F72DF8F1E757
:10DC2000000000000000000010B51C48007820B182
:10DC300000201A490870FDF7A9FE1848407890B1F5
:10DC40001648807830B10020144988701449087053
:10DC500002F022FA002011494870FEF7C1F80021B5
:10DC6000142003F01FF90D48C07820B100200B49A3
:10DC7000C870FFF7E9F80948007958B10748846887
:10DC800000200649087102F055FE2146042003F0E9
:10DC900009F900BFFFF712FD10BD0000A415002018
:10DCA0000C0200202DE9F04104460F46164604F10F
:10DCB000B800D4F8BC10A0EB0108464501D23046AC
:10DCC00000E0404605464DB154F8BC0F2A4639469F
:10DCD000F2F7BBFB2068284444F8BC09BDE8F0819A
:10DCE00010B52DED028B0446B0EE408A04F1B80069
:10DCF000D4F8BC10401A042805D3B0EE480A04F149
:10DD0000BC00FBF72DFFBDEC028B10BD70B50446C7
:10DD10000D4604F1B800D4F8BC10401A042804D30E
:10DD2000294604F1BC00FBF72CFF70BD00F1B802DE
:10DD3000D0F8BC30934206D250F8BC3F0268521C67
:10DD400040F8BC291970704770B504460D46164658
:10DD5000324621462846FBF753FF70BD30B5ADB0C3
:10DD600004460D462046FEF7B7F840B1B42204F150
:10DD700010016846F2F7AEFB94E80F00A8472DB0FB
:10DD800030BD000010B52DED080BE8B01822FE499B
:10DD900062A8F2F79FFB18215CA8F2F7EFFB1822AC
:10DDA000F949183156A8F2F795FB182150A8F2F757
:10DDB000E5FB48213EA8F2F7E1FB9DED680B51EC35
:10DDC000100B03F0EFF89FEDF10B53EC102BCDE9A6
:10DDD00018019DED180B51EC100B03F035FCCDE94B
:10DDE0001A019DED1A0BF5F74BFE8DED3E0B9FEDE5
:10DDF000E70B53EC102B9DED6A0B51EC100B03F06D
:10DE000023FCCDE916019DED160BF5F739FE8DEDDE
:10DE10001A0B9DED680B51EC100B03F0C3F89FED4E
:10DE2000DB0B53EC102BCDE912019DED120B51ECE5
:10DE3000100B03F009FCCDE914019DED140BF7F76D
:10DE40006BF98DED160B9DED160B51EC100B03F0DD
:10DE5000A9F8CDE918019DED1A0B53EC102B9DED9F
:10DE6000180B51EC100B03F0EFFB419140909FED2C
:10DE7000C70B53EC102B9DED6A0B51EC100B03F00C
:10DE8000E3FBCDE916019DED160BF7F745F98DED96
:10DE90001A0B9DED680B51EC100B03F083F89FED0E
:10DEA000BB0B53EC102BCDE914019DED140B51EC81
:10DEB000100B03F0C9FBCDE916019DED160BF7F72A
:10DEC0002BF98DED180B9DED1A0B53EC102B9DEDDE
:10DED000180B51EC100B03F0B7FB439142909DEDF2
:10DEE000680B51EC100B03F05DF89FEDA80B53ECA1
:10DEF000102BCDE918019DED180B51EC100B03F020
:10DF0000A3FBCDE91A019DED1A0BF7F705F98DED8D
:10DF1000440B9FED9E0B53EC102B9DED6A0B51ECC7
:10DF2000100B03F091FBCDE916019DED160BF5F7F3
:10DF3000A7FD8DED1A0B9DED680B51EC100B03F056
:10DF400031F89FED920B53EC102BCDE914019DEDB0
:10DF5000140B51EC100B03F077FBCDE916019DED8E
:10DF6000160BF5F78DFD8DED180B9DED1A0B53EC8F
:10DF7000102B9DED180B51EC100B03F065FB0A46BE
:10DF800001463EA8C0E908129FED800B53EC102B10
:10DF90009DED6A0B51EC100B03F056FBCDE9160119
:10DFA0009DED160BF7F7B8F88DED1A0B9DED680B8C
:10DFB00051EC100B02F0F6FF9FED740B53EC102B9D
:10DFC000CDE912019DED120B51EC100B03F03CFB5F
:10DFD000CDE914019DED140BF5F752FD8DED160BF7
:10DFE0009DED160B51EC100B02F0DCFFCDE9180192
:10DFF0009DED1A0B53EC102B9DED180B51EC100BF3
:10E0000003F022FB3EAAC2E90A019FED600B53EC2C
:10E01000102B9DED6A0B51EC100B03F015FBCDE9B5
:10E020001A019DED1A0BF7F777F88DED4C0B9FED6C
:10E03000570B53EC102B9DED6A0B51EC100B03F0BA
:10E0400003FBCDE91A019DED1A0BF5F719FD8DEDD6
:10E050004E0B48212CA8F2F791FA9DED6E0B51EC76
:10E06000100B02F09FFF9FED490B53EC102BCDE9F5
:10E0700018019DED180B51EC100B03F0E5FACDE9FA
:10E080001A019DED1A0BF5F7FBFC8DED2C0B9FEDA6
:10E090003F0B53EC102B9DED6C0B51EC100B03F070
:10E0A000D3FACDE916019DED160BF5F7E9FC8DEDE0
:10E0B0001A0B9DED6E0B51EC100B02F073FF9FEDF0
:10E0C000330B53EC102BCDE912019DED120B51ECEB
:10E0D000100B03F0B9FACDE914019DED140BF7F71D
:10E0E0001BF88DED160B9DED160B51EC100B02F08D
:10E0F00059FFCDE918019DED1A0B53EC102B9DED46
:10E10000180B51EC100B03F09FFACDE92E019FED97
:10E110001F0B53EC102B9DED6C0B51EC100B03F00F
:10E1200093FACDE916019DED160BF6F7F5FF8DED8F
:10E130001A0B9DED6E0B51EC100B02F033FF9FEDAF
:10E14000130B53EC102BCDE914019DED140B51EC86
:10E15000100B03F079FACDE916019DED160BF6F7D9
:10E16000DBFF8DED180B9DED1A0B53EC102B9DED85
:10E17000180B51EC100B03F067FACDE930019DED5F
:10E180006E0B51EC100B05E020200208000000A0EF
:10E1900046DF913F02F006FF1FED040B53EC102BFE
:10E1A000CDE918019DED180B51EC100B03F04CFA62
:10E1B000CDE91A019DED1A0BF6F7AEFF8DED320B8E
:10E1C0001FED0E0B53EC102B9DED6C0B51EC100B57
:10E1D00003F03AFACDE916019DED160BF5F750FC68
:10E1E0008DED1A0B9DED6E0B51EC100B02F0DAFE6B
:10E1F0001FED1A0B53EC102BCDE914019DED140B00
:10E2000051EC100B03F020FACDE916019DED160B31
:10E21000F5F736FC8DED180B9DED1A0B53EC102B1A
:10E220009DED180B51EC100B03F00EFA0A46014657
:10E230002CA8C0E908121FED2B0B53EC102B9DED01
:10E240006C0B51EC100B03F0FFF9CDE916019DEDBD
:10E25000160BF6F761FF8DED1A0B9DED6E0B51EC71
:10E26000100B02F09FFE1FED370B53EC102BCDE986
:10E2700012019DED120B51EC100B03F0E5F9CDE905
:10E2800014019DED140BF5F7FBFB8DED160B9DEDC9
:10E29000160B51EC100B02F085FECDE918019DED37
:10E2A0001A0B53EC102B9DED180B51EC100B03F0D7
:10E2B000CBF90A4601462CA8C0E90A121FED4D0B06
:10E2C00053EC102B9DED6C0B51EC100B03F0BCF9D3
:10E2D000CDE91A019DED1A0BF6F71EFF8DED3A0BF5
:10E2E0001FED560B53EC102B9DED6C0B51EC100BEE
:10E2F00003F0AAF9CDE91A019DED1A0BF5F7C0FB61
:10E300008DED3C0B00201B907DE000201A9074E006
:10E310001B9800EB40003EA901EBC0011A9801EBED
:10E32000C00090ED000B8DED140B62A91A9801EB63
:10E33000C00090ED000B8DED160B9DED160B53EC10
:10E34000102B9DED140B51EC100B03F07DF9CDE972
:10E3500018015CA91B9801EBC00090ED000B8DED3E
:10E36000160B9DED160B53EC102B9DED180B51EC7D
:10E37000100B02F055FE5CAB1B9A03EBC20203C20A
:10E380001B9800EB40002CA901EBC0011A9801EB8F
:10E39000C00090ED000B8DED140B56A91A9801EBFF
:10E3A000C00090ED000B8DED160B9DED160B53ECA0
:10E3B000102B9DED140B51EC100B03F045F9CDE93A
:10E3C000180150A91B9801EBC00090ED000B8DEDDA
:10E3D000160B9DED160B53EC102B9DED180B51EC0D
:10E3E000100B02F01DFE0A46014650AB1B9803EBD2
:10E3F000C00006C01A98401C1A901A98032887DBA0
:10E400001B98401C1B901B980328FFF67EAF9DEDC8
:10E410005E0B8DED160B9DED540B8DED140B9DEDEC
:10E42000160B53EC102B9DED140B51EC100B03F05D
:10E430000BF9CDE91A019DED600B8DED160B9DEDED
:10E44000520B8DED140B9DED160B53EC102B9DED27
:10E45000140B51EC100B03F0F7F8CDE918019DED0A
:10E460001A0B53EC102B9DED180B51EC100B03F015
:10E47000F9FBCDE926019DED5C0B8DED160B9DEDB5
:10E48000540B8DED140B9DED160B53EC102B9DEDE5
:10E49000140B51EC100B03F0D7F8CDE91A019DEDE8
:10E4A000600B8DED160B9DED500B8DED140B9DED5E
:10E4B000160B53EC102B9DED140B51EC100B03F0CD
:10E4C000C3F8CDE918019DED1A0B53EC102B9DED0F
:10E4D000180B51EC100B03F0C5FBCDE928019DEDA5
:10E4E0005C0B8DED160B9DED520B8DED140B9DED20
:10E4F000160B53EC102B9DED140B51EC100B03F08D
:10E50000A3F8CDE91A019DED5E0B8DED160B9DED87
:10E51000500B8DED140B9DED160B53EC102B9DED58
:10E52000140B51EC100B03F08FF8CDE918019DEDA1
:10E530001A0B53EC102B9DED180B51EC100B03F044
:10E5400091FBCDE92A019DED5E0B8DED160B9DED46
:10E55000160B53EC102B9FEDDB0B51EC100B03F063
:10E5600073F8CDE91A019DED600B8DED160B9DED55
:10E57000160B53EC102B9FEDD50B51EC100B03F049
:10E5800063F8CDE918019DED1A0B53EC102B9DEDAE
:10E59000180B51EC100B03F065FBCDE920019DED4C
:10E5A0005C0B8DED160B9DED160B53EC102B9FEDB8
:10E5B000C50B51EC100B03F047F8CDE91A019DEDA6
:10E5C000600B8DED160B9DED160B53EC102B9FED94
:10E5D000BF0B51EC100B03F037F8CDE918019DED9E
:10E5E0001A0B53EC102B9DED180B51EC100B03F094
:10E5F00039FBCDE922019DED5C0B8DED160B9DEDF8
:10E60000160B53EC102B9FEDB10B51EC100B03F0DC
:10E610001BF8CDE91A019DED5E0B8DED160B9DEDFE
:10E62000160B53EC102B9FEDA90B51EC100B03F0C4
:10E630000BF8CDE918019DED1A0B53EC102B9DED55
:10E64000180B51EC100B03F00DFBCDE924019DEDEF
:10E650006E0B53EC102B9DED680B51EC100B03F07F
:10E6600029FA9FED9C1BCDE918019DED180BF5F7DC
:10E6700003FB8DED1A0B9FED990B53EC102B9DEDC9
:10E680001A0B51EC100B03F085F901D2012001E0C7
:10E690004FF0FF301F909DED240B8DED040B9FED8F
:10E6A000911B9DED040BF5F76BFB8DED080B9DEDBC
:10E6B000220B8DED000B9FED8B1B9DED000BF5F7F5
:10E6C0005FFB8DED040B9DED200B8DED000B9FEDA1
:10E6D000851B9DED000BF5F753FB8DED020B9DEDBA
:10E6E000040B53EC102B9DED020B51EC100B02F0C0
:10E6F00097FCCDE906019DED080B53EC102B9DED29
:10E70000060B51EC100B02F08BFCCDE90A019DEDDC
:10E710000A0BF6F765FD8DED0E0B9DED2A0B8DEDC9
:10E72000040B9FED701B9DED040BF5F729FB8DEDA0
:10E73000080B9DED280B8DED000B9FED6A1B9DEDE9
:10E74000000BF5F71DFB8DED040B9DED260B8DEDFC
:10E75000000B9FED641B9DED000BF5F711FB8DED9C
:10E76000020B9DED040B53EC102B9DED020B51ECB5
:10E77000100B02F055FCCDE906019DED080B53ECA2
:10E78000102B9DED060B51EC100B02F049FCCDE96E
:10E790000A019DED0A0BF6F723FD8DED0C0B9DEDA7
:10E7A0000E0B53EC102B9DED0C0B51EC100B02F0EB
:10E7B0004BFFCDE912019DED240B8DED0A0B9DED74
:10E7C0002A0B8DED080B9DED0A0B53EC102B9DEDE4
:10E7D000080B51EC100B02F037FFCDE90E019DED57
:10E7E000220B8DED060B9DED280B8DED040B9DEDA1
:10E7F000060B53EC102B9DED040B51EC100B02F0AB
:10E8000023FFCDE90A019DED200B8DED060B9DED5B
:10E81000260B8DED040B9DED060B53EC102B9DED9F
:10E82000040B51EC100B02F00FFFCDE908019DED38
:10E830000A0B53EC102B9DED080B51EC100B02F062
:10E84000EFFBCDE90C019DED0E0B53EC102B9DED74
:10E850000C0B51EC100B02F0E3FBCDE910019DED28
:10E86000120B53EC102B9DED100B51EC100B02F022
:10E8700093FCCDE914019DED140BF7F743FB8DEDEF
:10E88000180B1F9802F079FECDE916019DED180BCB
:10E8900053EC102B9DED160B51EC100B02F0D4FE37
:10E8A0009FED120B53EC102BCDE91A019DED1A0BC5
:10E8B00051EC100B02F070FCCDE91C019DED1C0B1E
:10E8C00070B010BD000000000000F03F000000002C
:10E8D0000000000000000000008076400000000002
:10E8E000008066400000000000000040000000A022
:10E8F00046DF913F2DE9F05F8346884614469946EE
:10E90000DDF828A010215846F4F718FB012846D15D
:10E910004046F2F7DDF9C0F1960085B2962D00DB96
:10E920000025584602F000F92088962801DB0020D7
:10E93000208096215046F1F7FFFD2088A84203DC95
:10E940002088281A86B204E02088C0F19600284466
:10E9500086B21EB925800020BDE8F09F00271AE08E
:10E96000208819F800203846791C8FB20AF8002058
:10E970002088401C20802088962801DB00202080F1
:10E98000701E86B2962F06DB258096215046F1F741
:10E99000D3FD0020E0E7002EE2DC3846DCE7002073
:10E9A000DAE7000010B5FEF745FE80B1FEF748FE3D
:10E9B00060B91348006820F4006000F50060104959
:10E9C00008600846006820F40030086010BDFEF7BB
:10E9D00069FE90B9FEF734FE10B1FEF763FE60B930
:10E9E0000748006820F4006000F5006004490860F2
:10E9F0000846006820F40030086000BFE6E7000029
:10EA00003C01002010B5044600BF4FF48030F2F7FF
:10EA10007DFA0028F9D194ED000A10BD2DE9F041EE
:10EA200004460D461646064800EBC407384600F07B
:10EA3000A1F92860381D00F09DF93060BDE8F08133
:10EA4000000006082DE9F0472DED048B05466648C9
:10EA500090ED3B0AB0EE408A90ED310AF7EE000AE5
:10EA6000B4EEE00AF1EE10FA7EDDB5EEC08AF1EE0A
:10EA700010FAF9DD0024A7E05C490C2202FB041027
:10EA800000F078F9401C90B158490C2202FB0411A7
:10EA9000081D00F06FF9401C48B154490C2202FBDC
:10EAA000041101F1080000F065F9401C40B9B7EE0F
:10EAB000000A4D4880ED310ABDEC048BBDE8F087BB
:10EAC0004A490C2202FB0410FFF79CFFF0EE408A3B
:10EAD00046490C2202FB0411081DFFF793FFB0EE1C
:10EAE000409A42490C2202FB041101F10800FFF791
:10EAF00089FFF0EE409A5CB9F5EEC08AF1EE10FAAB
:10EB000006D1B5EEC09AF1EE10FA01D1012000E075
:10EB100000200646B0EE000A28EE000AB4EEE80A2D
:10EB2000F1EE10FA0AD2B1EE080A28EE000AB4EEAD
:10EB3000E80AF1EE10FA01DD012000E000200746AE
:10EB4000B8EE000A28EE000AB4EEC90AF1EE10FA97
:10EB50000BD2B0EE000A28EE000AB4EEC90AF1EEBC
:10EB600010FA02DD012001E03BE0002080462CB1DC
:10EB700027B1B8F1000F01D0012000E0002081464C
:10EB8000F5EEC09AF1EE10FA16DD16B9B9F1000FE4
:10EB900012D004EB440005EB8000C0ED008A04EBCA
:10EBA000440005EB800080ED019A04EB440005EB86
:10EBB0008000C0ED029A04E0B7EE000A0A4880ED3A
:10EBC000310A00BF601CC4B20748D0ED310A00EE24
:10EBD000104AB8EE400AF4EEC00AF1EE10FA3FF720
:10EBE0004BAF00BF68E70000E010002000C0000845
:10EBF0002DE9F0472DED028BFBF72AFD0646002795
:10EC00005EB9594800F0B6F8401C10B1564E0127C5
:10EC100003E0BDEC028BBDE8F087544C002F67D1B8
:10EC2000304600F0A7F85249884261D1301D00F00B
:10EC3000A1F88046002558E006F1080101EBC50067
:10EC400000F098F8814606F1080101EBC501081DA6
:10EC5000FFF7D8FEB0EE408A002042E000EB8002D1
:10EC600004EB8202127A130600EB800204EB8202AC
:10EC7000527A43EA024300EB800204EB8202927A6A
:10EC800043EA022200EB800304EB8303DB7A42EACF
:10EC90000301494524D100EB800204EB820292ED8E
:10ECA000010AB4EEC80AF1EE10FA18D800EB80029F
:10ECB00004EB820292ED000AB4EEC80AF1EE10FAFB
:10ECC0000DDB142805D1B5EEC08AF1EE10FA00D1A3
:10ECD00009E000EB800204EB820282ED048A02E08C
:10ECE000401C2A28BADB00BF6D1C4545A4D330E088
:10ECF00000252CE0042101FB0560FFF783FEB0EE48
:10ED0000408A05EB850004EB800090ED010AB4EE2B
:10ED1000C80AF1EE10FA18D805EB850004EB800064
:10ED200090ED000AB4EEC80AF1EE10FA0DDB142DD6
:10ED300005D1B5EEC08AF1EE10FA00D106E005EB80
:10ED4000850004EB800080ED048A00BF6D1C2A2D35
:10ED5000D0DB2FB9304600F00DF80549884201D0CC
:10ED600001F0F8FE00BF54E700500008E01000205A
:10ED70003252415010B5044600BF4FF48030F2F7D4
:10ED8000C5F80028F9D1206810BDF0B5B1B005462E
:10ED90000C462679E779032E02D3F81CB04201D93C
:10EDA00031B0F0BD6279A1796846FEF7CDFFA17957
:10EDB0008DF827103A4604F108016846FEF772FF05
:10EDC00029466846FEF7CAFF00BFE9E71CB50121E6
:10EDD0000420F2F7EFFB012200216846FAF700FF5A
:10EDE00069460248F2F7C0F91CBD00000008024065
:10EDF00024E0FEF719FFFEF70FFB11480068C0F38F
:10EE0000C04010B100F0BCFE18E00D480078C0F31F
:10EE1000001098B90A480088C0F3003010B10948C2
:10EE2000006801E00848C068044608480068844259
:10EE300003D00648046001F0E9F900BFD9E70000FB
:10EE40003C010020C4000020B00200207801002016
:10EE50000168B1F5165F1CD00CDCB1F5967F14D0BB
:10EE6000B1F5966F12D0B1F5166F10D0B1F5965F6F
:10EE700013D10DE0B1F5964F0CD0B1F5164F0AD075
:10EE8000A1F57441243941B906E000BF00BF00BFBD
:10EE900000BF00BF00BF00BF03E04FF41661016078
:10EEA00000BF00BFC168B1F5964F1BD00CDCB1F5B7
:10EEB000966F13D0B1F5166F11D0B1F5965F0FD0E4
:10EEC000B1F5165F12D10CE0B1F5164F0BD0B1F5CC
:10EED000614F09D0B1F5E13F08D106E000BF00BFA6
:10EEE00000BF00BF00BF00BF00BF03E04FF41651DA
:10EEF000C16000BF00BF4168152906D0182905D0A0
:10EF00001B2904D01E2904D102E000BF00BF00BFAE
:10EF100002E01521416000BF00BF8168532901D97B
:10EF20005321816070470000144890ED8B0ABCEEBD
:10EF3000C00A134880ED000A104890ED950ABCEE17
:10EF4000C00A0F4880ED020A0C4890EDA40ABCEEFE
:10EF5000C00A0B4880ED040A084890ED9F0ABCEEF9
:10EF6000C00A074880ED030A044890ED900ABCEE01
:10EF7000C00A034880ED010A70470000E01000203D
:10EF8000401B002070B52DED108BA6B0B0EE40AA4E
:10EF9000F0EE60AAB0EE418AF0EE618AB0EE429ADD
:10EFA000F0EE629AB0EE43CAF0EE63CAB0EE44DA15
:10EFB000F0EE64DAB0EE45EAF0EE65EA044653ECB2
:10EFC000192B51EC180B02F03FFB53EC192BCDE938
:10EFD00004019DED040B51EC100B02F035FB53ECDA
:10EFE000182BCDE9080151EC180B02F02DFB53EC66
:10EFF000192BCDE904019DED040B51EC100B02F02F
:10F0000023FBCDE906019DED080B53EC102B9DED84
:10F01000060B51EC100B02F025FE53EC192BCDE939
:10F020000C0151EC190B02F00FFB53EC182BCDE93E
:10F03000020151EC180B02F007FBCDE900019DED38
:10F04000020B53EC102B9DED000B51EC100B02F05A
:10F0500009FE53EC1A2BCDE904019DED040B51EC94
:10F06000100B02F0F1FA53EC192BCDE9080151EC29
:10F07000180B02F0F7FD53EC1A2BCDE9040151EC0B
:10F080001A0B02F0E1FACDE902019DED040B53ECFD
:10F09000102B9DED020B51EC100B02F0D5FACDE9CF
:10F0A00006019DED080B53EC102B9DED060B51EC6A
:10F0B000100B02F0D7FDCDE90A019DED0C0B53ECCE
:10F0C000102B9DED0A0B51EC100B01F0A9FF41EC48
:10F0D0001F0BB0EE4F0AF0EE6F0AF4F735FD8DED21
:10F0E0000C0B9FEDE30B53EC102B9DED0C0B51EC37
:10F0F000100B02F06DFA0FD29FEDDF0B84ED000BC9
:10F100009FEDDD0B84ED020B9FEDDB0B84ED040B1B
:10F1100026B0BDEC108B70BD53EC1F2B9FEDD80BB0
:10F1200051EC100B02F038F841EC1B0B53EC192B8F
:10F1300051EC180B02F096FD53EC1B2BCDE90C01A2
:10F140009DED0C0B51EC100B02F07EFACDE90E0197
:10F1500053EC192B51EC1A0B02F0ACFC53EC1B2BAB
:10F16000CDE90C019DED0C0B51EC100B02F06CFA8B
:10F17000CDE9100153EC182B51EC1A0B02F072FD83
:10F1800053EC1B2BCDE90C019DED0C0B51EC100B3E
:10F1900002F05AFACDE9120153EC182B51EC180B7E
:10F1A00002F052FA53EC192BCDE90A0151EC190B7C
:10F1B00002F04AFACDE908019DED0A0B53EC102B41
:10F1C0009DED080B51EC100B02F04CFD53EC1B2B8A
:10F1D000CDE90C019DED0C0B51EC100B02F034FA53
:10F1E000CDE9140153EC192B51EC190B02F02CFA58
:10F1F00053EC1A2BCDE90A0151EC1A0B02F024FA58
:10F20000CDE908019DED0A0B53EC102B9DED080B89
:10F2100051EC100B02F026FD53EC1B2BCDE90C0139
:10F220009DED0C0B51EC100B02F00EFACDE916011E
:10F2300053EC1A2B51EC1A0B02F006FA53EC182B74
:10F24000CDE90A0151EC180B02F0FEF9CDE90801F5
:10F250009DED0A0B53EC102B9DED080B51EC100BA0
:10F2600002F000FD53EC1B2BCDE90C019DED0C0BC6
:10F2700051EC100B02F0E8F9CDE9180153EC192B11
:10F2800051EC190B02F0E0F953EC182BCDE9060113
:10F290009DED060B51EC100B02F0D6F953EC182B38
:10F2A000CDE90A0151EC180B02F0CEF953EC192B01
:10F2B000CDE906019DED060B51EC100B02F0C4F9EF
:10F2C000CDE908019DED0A0B53EC102B9DED080BC9
:10F2D00051EC100B02F0C6FC53EC1B2BCDE90C01DA
:10F2E0009DED0C0B51EC100B02F0AEF9CDE91A01BB
:10F2F00053EC1A2B51EC1A0B02F0A6F953EC192B14
:10F30000CDE906019DED060B51EC100B02F09CF9C6
:10F3100053EC192BCDE90A0151EC190B02F094F9C9
:10F3200053EC1A2BCDE906019DED060B51EC100BA9
:10F3300002F08AF9CDE908019DED0A0B53EC102B80
:10F340009DED080B51EC100B02F08CFC53EC1B2BC9
:10F35000CDE90C019DED0C0B51EC100B02F074F992
:10F36000CDE91C0153EC182B51EC180B02F06CF991
:10F3700053EC1A2BCDE906019DED060B51EC100B59
:10F3800002F062F953EC1A2BCDE90A0151EC1A0B89
:10F3900002F05AF953EC182BCDE906019DED060B4E
:10F3A00051EC100B02F050F9CDE908019DED0A0B6C
:10F3B00053EC102B9DED080B51EC100B02F052FC9E
:10F3C00053EC1B2BCDE90C019DED0C0B51EC100BFC
:10F3D00002F03AF9CDE91E018DED20CB8DED22DB57
:10F3E0008DED24EB00253EE09FED230B04EBC500E3
:10F3F00080ED000B002632E005EB45000EA901EB85
:10F40000C00000EBC60090ED002BB0EE421AF0EE0B
:10F41000621A20A800EBC60090ED002BB0EE420A65
:10F42000F0EE620A53EC102B51EC110B02F00CF9C8
:10F43000CDE90C0104EBC50090ED001BB0EE410AD4
:10F44000F0EE610A53EC102B9DED0C1B51EC110BEF
:10F4500001F0E6FD04EBC50203C2701CC6B2032E28
:10F46000CADB681CC5B2032DBEDB00BF50E600003E
:10F4700011EA2D819997713D000000000000000005
:10F48000000000000000F03F30B5B1B004460D466A
:10F490002A46B9216846FEF757FC1748D0ED360AD0
:10F4A000B0EE600A6846FEF71BFC1348D0ED3B0A3D
:10F4B000B0EE600A6846FEF713FC0F48D0ED400A34
:10F4C000B0EE600A6846FEF70BFC0B48D0ED270A49
:10F4D000B0EE600A6846FEF703FC0748D0ED2C0A40
:10F4E000B0EE600A6846FEF7FBFB21466846FEF771
:10F4F00035FC31B030BD0000E0100020F0B5B1B0F7
:10F5000004460D4616462348D0ED310A00EE104A57
:10F51000B8EE400AF4EEC00AF1EE10FA08D990ED08
:10F52000310AF7EE000AB4EEE00AF1EE10FA01D863
:10F5300031B0F0BD3246EC216846FEF705FC1649B5
:10F540000C2202FB0410FFF715FC074639466846FB
:10F55000FEF7DCFB10490C2202FB0411081DFFF72B
:10F5600009FC074639466846FEF7D0FB0A490C22DB
:10F5700002FB041101F10800FFF7FCFB07463946C6
:10F580006846FEF7C3FB29466846FEF7E7FB00BF67
:10F59000CEE70000E010002000C0000830B5B1B098
:10F5A00004460D462A46E0216846FEF7CDFB1A4880
:10F5B000D0EDEA0AB0EE600A6846FEF791FB174804
:10F5C000C1686846FEF7A2FB1348D0EDEF0AB0EE23
:10F5D000600A6846FEF784FB0F48D0EDF40AB0EEEF
:10F5E000600A6846FEF77CFB0D48D0ED040AB0EED9
:10F5F000600A6846FEF774FB0A4801786846FEF721
:10F6000095FB084841786846FEF790FB214668461E
:10F61000FEF7A4FB31B030BDE0100020B0020020A6
:10F620007C1500203C01002030B52DED028BB1B0DF
:10F6300004460D462A46BD216846FEF785FB39483B
:10F6400090EDEA0AB0EE408A90EDEF0AF0EE408AC3
:10F650009FED350AB4EEC08AF1EE10FA04DD9FED9D
:10F66000320AB0EE408A0AE09FED300AB4EEC08A5A
:10F67000F1EE10FA03D29FED2D0AB0EE408A9FED15
:10F680002A0AF4EEC08AF1EE10FA04DD9FED260A94
:10F69000F0EE408A0AE09FED250AF4EEC08AF1EE12
:10F6A00010FA03D29FED210AF0EE408ABDEEC80A9F
:10F6B00010EE100AC1B26846FEF738FBBDEEE80A4C
:10F6C00010EE100AC1B26846FEF730FB1848D0EDC4
:10F6D000040AB0EE600A6846FEF702FB154800888F
:10F6E000C0F3003010B11448006801E01348C0684E
:10F6F00001466846FEF70AFB0E4801786846FEF7A9
:10F7000015FB0C4841786846FEF710FB032168465C
:10F71000FEF70CFB21466846FEF720FB31B0BDEC3E
:10F72000028B30BDE01000200000FE42000000C34C
:10F73000DC1400203C010020C4000020B0020020A6
:10F7400070B5B4B004460D4616461848006818490E
:10F75000884201D234B070BD144800681449401A80
:10F76000B4EBD00F00D3F5E732AA33A92046FFF758
:10F7700055F93246E42101A8FEF7E6FAE1B201A804
:10F78000FEF7D4FAC4F3072101A8FEF7CFFA01A8C7
:10F790003399FEF7BBFA01A83299FEF7B7FA29466A
:10F7A00001A8FEF7DBFA00BFD4E7000068010020E3
:10F7B0000000060830B5B1B004460D462A46B52112
:10F7C0006846FEF7C1FA1C4890ED8B0ABCEEC00AF1
:10F7D00010EE101A6846FEF799FA174890ED900A55
:10F7E000BCEEC00A10EE101A6846FEF78FFA1248F7
:10F7F00090ED950ABCEEC00A10EE101A6846FEF7AE
:10F8000085FA0D4890ED9F0ABCEEC00A10EE101A62
:10F810006846FEF77BFA084890EDA40ABCEEC00AE1
:10F8200010EE100AC1B26846FEF780FA214668461B
:10F83000FEF794FA31B030BDE01000202DE9F04120
:10F84000B2B005460E461446132C05D0122C03D038
:10F85000112C01D0012000E000208046B8F1000FFB
:10F8600001D0284601E0E843C0B2074622463946A7
:10F8700001A8FEF769FA314601A8FEF76FFA32B027
:10F88000BDE8F08130B5B1B004460D462A46B82136
:10F890006846FEF759FA084890ED310ABCEEC00AF6
:10F8A00010EE100AC1B26846FEF740FA21466846DB
:10F8B000FEF754FA31B030BDE010002070B5B2B0A0
:10F8C00004460D4600260F4800680F49884206D3BB
:10F8D0000C4800684FF4C021401AC0F3CF062A46F6
:10F8E000E52101A8FEF730FAF1B201A8FEF71EFAF1
:10F8F000311201A8FEF71AFA214601A8FEF72EFAE6
:10F9000032B070BD680100200000060830B5B1B00B
:10F9100004460D462A46E6216846FEF715FA2A21D6
:10F920006846FEF703FA3C216846FEF7FFF92146D8
:10F930006846FEF713FA31B030BD70B5B2B0044678
:10F940000D4616463246214601A8FEF7FDF9294626
:10F9500001A8FEF703FA32B070BD000070B5B8B070
:10F9600004460D4616463C2C01DD38B070BD04EB54
:10F970008400214A02EB8001142233A8F0F7AAFD8B
:10F980000F2C01D0102C03D11C48C06832900DE020
:10F990002B2C07D1184890EDDB0ABCEEC00A8DED88
:10F9A000320A03E09DED370A8DED320A3246E72137
:10F9B00001A8FEF7C9F9214601A8FEF7B7F904220C
:10F9C00035A901A8FEF76EF901A83299FEF79EF954
:10F9D000DDED340AB0EE600A01A8FEF781F9DDED35
:10F9E000330AB0EE600A01A8FEF77AF9294601A8A9
:10F9F000FEF7B4F900BFB8E7E0100020B002002025
:10FA000070B5B2B004460D4616463C2C01DD32B04E
:10FA100070BD0F2C01D0102C07D100211448F2F733
:10FA200075FE1348C068319012E02B2C07D11148A5
:10FA300090EDDB0ABCEEC00A8DED310A08E004EB64
:10FA400084000C4901EB800090ED040A8DED310A31
:10FA50003246F2216846FEF777F968463199FEF79B
:10FA600055F929466846FEF779F900BFCFE700004F
:10FA7000B0020020E010002030B5B1B004460D46C1
:10FA80002A46E9216846FEF75FF90848017868468A
:10FA9000FEF74CF9054841786846FEF747F92146DC
:10FAA0006846FEF75BF931B030BD00003C01002034
:10FAB00070B52DED028BB2B004460D461646B52C3E
:10FAC00003DB32B0BDEC028B70BD3246BE2101A813
:10FAD000FEF73AF9114800EB0410D0ED000AB0EE41
:10FAE000600A01A8FEF7FCF80C4800EB041090ED4A
:10FAF000021BB0EE410AF0EE610A51EC100B01F06E
:10FB00005DFA08EE100AB0EE480A01A8FEF7E8F820
:10FB1000294601A8FEF722F900BFD2E7C002002063
:10FB200010B5B2B004461322F52101A8FEF70CF976
:10FB3000124890EDDB0ABCEEC00A10EE101A01A8C4
:10FB4000FEF7E4F80D4890ED5E0ABCEEC00A10EE38
:10FB5000100AC1B201A8FEF7E9F8084890EDE00AE2
:10FB6000BCEEC00A10EE100AC1B201A8FEF7DEF822
:10FB7000214601A8FEF7F2F832B010BDE0100020D7
:10FB800010B500F0D9FF05480068FFF7C9FF044829
:10FB9000006820F400200249086010BD74010020B4
:10FBA0003C01002030B5B1B004460D462A46B121D3
:10FBB0006846FEF7C9F8084890EDDB0ABCEEC00ABB
:10FBC00010EE101A6846FEF7A1F821466846FEF7C7
:10FBD000C5F831B030BD0000E010002030B5B1B044
:10FBE00004460D4600210E48F2F790FD2A46BA2140
:10FBF0006846FEF7A9F80B480088C0F3003010B142
:10FC00000948006801E00648C06801466846FEF7FA
:10FC10007DF821466846FEF7A1F831B030BD0000FE
:10FC2000B00200203C010020C400002030B5B1B07B
:10FC300004460D462A46FA216846FEF785F807482D
:10FC4000D0EDE50AB0EE600A6846FEF749F82146B5
:10FC50006846FEF783F831B030BD0000E0100020A8
:10FC60000FB400B5AFB0B82233A96846F0F732FC44
:10FC7000034830A90EC9FAF772FC2FB05DF814FBE7
:10FC8000C41F00200FB470B5AEB09DF8ED409DF8D4
:10FC9000EC00C02807D0132C05D0122C03D0112C57
:10FCA00001D0012000E000200646D6B172B613480C
:10FCB000007880F001056DB1C42232A91048F0F738
:10FCC00009FC1048406810490844104908600120A8
:10FCD0000A49087062B61DB12EB070BC5DF814FB05
:10FCE00000BFB82235A96846F0F7F4FB084832A9EE
:10FCF0000EC9FAF734FC00BFEEE700004402002012
:10FD0000681E0020001000E040164000480200205D
:10FD1000541B00200FB400B5AFB0B82233A9684619
:10FD2000F0F7D8FB034830A90EC9FAF718FC2FB03A
:10FD30005DF814FB2C180020002807DD684991EDC0
:10FD4000D10ABDEEC00A10EE101A48B2002809DA36
:10FD5000634991EDD10AB1EE400ABDEEC00A10EE42
:10FD6000101A48B25E49D1EDD10A00EE100AB8EE81
:10FD7000C00AF4EE400AF1EE10FA36D1594991F971
:10FD8000001000290EDD574991F90010002904DD0B
:10FD9000544991F90010491E00E0002149B2514A2E
:10FDA000117083E04E49D1EDD10A4F4991F900100D
:10FDB00000EE101AB8EEC00AF4EEC00AF1EE10FA26
:10FDC00008DD494991F90010491C00EE101AB8EEFF
:10FDD000C00A02E0424991EDD10ABDEEC00A10EE20
:10FDE000101A49B2404A117060E03D4991EDD10AC4
:10FDF000F1EE400A00EE100AB8EEC00AF4EE400A36
:10FE0000F1EE10FA36D1384991F9001000290EDDD3
:10FE1000354991F90010002904DD334991F90010AA
:10FE2000491E00E0002149B22F4A11703EE02C49E2
:10FE3000D1EDD10A2B4991F9001000EE101AB8EE5D
:10FE4000C00AF4EEC00AF1EE10FA08DD254991F976
:10FE50000010491C00EE101AB8EEC00A02E020495A
:10FE600091EDD10ABDEEC00A10EE101A49B21D4A3A
:10FE700011701BE01B4991F90010002904DD19499C
:10FE800091F90010491E00E0002149B2154A117095
:10FE9000154991F90010002904DD134991F900106A
:10FEA000491E00E0002149B20F4A11700E4909783D
:10FEB00059B90C49097841B938B90C49096821F494
:10FEC000005101F50051094A1160074991F90010EC
:10FED000074A1160034991F90010064A1160704702
:10FEE000E01000203A010020390100203C010020F0
:10FEF000344401403448014010B5044621460120F5
:10FF0000F2F7E2FE21460B2000F0CCFF1848006813
:10FF100064F304101649086000F0EEFD1448007800
:10FF2000C0F3001088B101281FD100F0F1FC104887
:10FF3000006820F480200E4908600846006820F41C
:10FF4000E06000F5C06008600FE00948006820F438
:10FF5000802000F58020064908600846006820F4EB
:10FF6000E06000F58060086000BF00BF012010BDA8
:10FF70003C01002010B5014600230F295FD0102955
:10FF80005DD02A295BDA01EB81002E4C04EB800264
:10FF9000D2ED010AF4EEC00AF1EE10FA4ED8D2ED1D
:10FFA000000AF4EEC00AF1EE10FA47DB142906D17C
:10FFB000B5EEC00AF1EE10FA01D1002010BD82EDBD
:10FFC000040A0B291CD009DC0B2934D2DFE801F02C
:10FFD000141333333333331B1C171900132911D077
:10FFE00004DC0C290AD00E2925D106E0212914D0E1
:10FFF000222920D118E000BF00BF00BF00BF00BF12
:020000040802F0
:1000000000BF00BF00BF00BF0F48006820F4803071
:1000100000F580300C4C20600EE00B48006820F0AA
:100020004000094C206007E00748006820F02000ED
:10003000054C206000E000BF00BF012300BF184650
:10004000BCE70000E01000203C010020F0B50746AE
:10005000B0EE401A002519E005EB85000D4901EBD3
:1000600080060024307A44EA0064707A44EA00444E
:10007000B07A44EA0024F07A0443BC4205D1E8B2E5
:10008000B0EE410AFFF776FFF0BD6D1C2A2DE3DBD1
:100090000020F9E7E0100020144890ED000AB8EEC7
:1000A000400A134880ED8B0A104890ED020AB8EE22
:1000B000400A0F4880ED950A0C4890ED040AB8EE0E
:1000C000400A0B4880EDA40A084890ED030AB8EEF8
:1000D000400A074880ED9F0A044890ED010AB8EEF7
:1000E000400A034880ED900A70470000401B002042
:1000F000E01000201CB501210420F1F75BFA012279
:1001000011466846F9F76CFD69460448F1F72CF88A
:1001100001210248F1F79CF81CBD000000080240D4
:100120007FB5044621466846F2F72CFB002168465D
:10013000F2F7C0FC0546064804600648006820F453
:10014000803000F5803003490860284604B070BD57
:10015000C40000203C01002000B52DED028B83B0CF
:10016000B0EE408AB5EEC08AF1EE10FA20D01A48FF
:10017000007848B10822012101A8F9F731FD01A951
:100180001648F0F7F1FF00BF002013490870B7EEE2
:10019000000AB4EEC08AF1EE10FA04DD08210F481F
:1001A000F1F758F814E008210C48F1F751F80FE086
:1001B0000948007848B90822002101A8F9F710FD84
:1001C00001A90648F0F7D0FF00BF012002490870DE
:1001D00003B0BDEC028B00BD4601002000080240C8
:1001E0001CB501210420F1F7E5F90122114668460A
:1001F000F9F7F6FC69460448F0F7B6FF012102481A
:10020000F1F728F81CBD00000008024030B52DEDC4
:10021000108B87B09FEDF80BB0EE408AF0EE608A4D
:100220009FEDF50BB0EE409AF0EE609AF44800882E
:10023000C0F3003028B1F348016803A8F2F7A2FA2E
:1002400004E0F148C16803A8F2F79CFA9DF80C009D
:1002500001F0AAF941EC1D0B9FEDEC0B53EC102BB8
:1002600000F09AFF41EC1B0B9DF8100001F09CF987
:1002700041EC1F0B9FEDE70B53EC102B00F08CFFB4
:1002800041EC1D0B9DF8110001F08EF941EC1E0BA5
:1002900053EC1D2B00F0C4FE41EC1C0B53EC1B2B4C
:1002A00000F0BEFE41EC1A0B9FEDDC0B53EC102B63
:1002B00000F072FF41EC180B9DF81200D949097843
:1002C00088420BD19DF81400D7490978884205D19E
:1002D0009DF81500D5490978884201D0012000E039
:1002E000002004463CB9D248007820B9C4480068D0
:1002F000C0F3004008B1012000E000200446002CBB
:1003000077D09DF81200C74908709DF81400C649BF
:1003100008709DF81500C54908700020C449087090
:10032000C4490870C4490870B548006820F480309A
:10033000B34908600020C1490860C14890ED4A0AED
:1003400010EE101A084601F077FD41EC1A0BBC487C
:1003500090EDCC0A10EE101A084601F06DFD41EC4C
:100360001B0BB74890ED450A10EE101A084601F035
:1003700063FD41EC1C0BB24890ED090A10EE101A17
:10038000084601F059FD41EC1D0BAD4890ED040A03
:1003900010EE101A084601F04FFD41EC1E0BA94863
:1003A000A949A74DCDE9001095ED400ABCEEC00A61
:1003B00010EE105AEBB29DF8155005F5FA629DF853
:1003C00014109DF81300B0EE4A4AF0EE6A4AB0EEFF
:1003D0004B3AF0EE6B3AB0EE4C2AF0EE6C2AB0EEEF
:1003E0004D1AF0EE6D1AB0EE4E0AF0EE6E0AF8F706
:1003F00059FC83480068C0F38040A8B1904890ED54
:10040000FE0ADFED920AB4EE600AF1EE10FA05D0B2
:10041000D0EDFE0AB0EE600AFAF7C8FA7848006834
:1004200020F4802076490860874890ED021BB0EEEA
:10043000410AF0EE610A53EC102B51EC180B01F05D
:10044000C7F836D27B48007890BB7D48D0ED0E0AC5
:10045000B0EE600AFAF7AAFA6948006820F4E06092
:1004600000F5A0606649086001207249087000200C
:1004700071490870724890ED0E0A80EDFE0A90ED09
:100480000E0ABDEEC00A10EE100A01B2052000F0FF
:1004900009FD6D4890ED021BB0EE410AF0EE610AD5
:1004A00051EC100B00F08AFD6549C1F80C047FE1A6
:1004B000FFE7654890ED021BB0EE410AF0EE610ADD
:1004C00053EC102B51EC180B01F064FA7ED85E4807
:1004D0005C49098800EB011090ED021BB0EE410A67
:1004E000F0EE610A53EC102B51EC180B01F070F890
:1004F000ECD85248006853490988884266DC4E4867
:100500000078002862D14D4800684E490988884229
:10051000CDDC4D484949096800EB011090ED021B04
:10052000B0EE410AF0EE610A53EC182B51EC100BBF
:1005300001F098FB41EC190B53EC192B9FED440B88
:1005400051EC100B01F044F854D89FED430B53ECE1
:10055000102B51EC190B01F03BF84BD83A483749B6
:10056000096800EB0110D0ED000AB0EE600AFAF75E
:100570001DFA2348006820F4E06000F580602049FF
:10058000086031482D49096800EB011090ED000A20
:100590002B4880EDFE0A2C48284A126800EB021016
:1005A00090ED000ABDEEC00A10EE100A01B205205F
:1005B00000F078FC21480068401C2049086008468B
:1005C0000068204909888842A2DC00E0BAE01E48A1
:1005D0001A49096800EB011090ED021BB0EE410AC8
:1005E000F0EE610A51EC100B00F0E8FC1449C1F880
:1005F0000C04DDE034E0000000000000000000001A
:100600003C010020C4000020B002002000000000D7
:100610000020AC400000000000004E400000000040
:1006200000003840C8000020C9000020CA00002097
:100630000801002006010020070100200C01002015
:10064000E010002004010020C0020020EFEE6E4FF9
:100650003FABCC94D6DF02BF3FABCC94D6DF023F9A
:100660001FED050B53EC102B51EC190B00F0B0FFF4
:1006700067D216E050480068401C4F4908604F4858
:10068000096800EB011090ED021BB0EE410AF0EE9C
:10069000610A53EC182B51EC100B01F0E3FA41EC1A
:1006A000190B53EC192B1FED2C0B51EC100B01F017
:1006B00071F905D240480068414909888842D9DB70
:1006C0003E483D49096800EB0110D0ED000AB0EE4C
:1006D000600AFAF76BF939483749096800EB0110ED
:1006E00090ED000A374880EDFE0A3448324A12681D
:1006F00000EB021090ED000ABDEEC00A10EE100AE9
:1007000001B2052000F0CEFB2B480068401C2A49AE
:100710000860084600682A490988884248DC27485A
:100720002549096800EB011090ED021BB0EE410A6B
:10073000F0EE610A51EC100B00F040FC2149C1F8C9
:100740000C0435E01D481E49098800EB011090EDAE
:10075000021BB0EE410AF0EE610A53EC182B51EC8B
:10076000100B00F035FF23D21748007800BB154866
:10077000D0ED0E0AB0EE600AFAF718F913480068D7
:1007800020F4E06000F5A0601049086001200E49E7
:1007900008700C4890ED0E0A80EDFE0A90ED0E0AEE
:1007A000BDEEC00A10EE100A01B2052000F07AFB7F
:1007B00007B0BDEC108B30BD0C010020C002002042
:1007C00004010020E0100020070100203C0100206F
:1007D00000B52DED048B83B041EC190B01F076F9D7
:1007E00041EC180B18EE100A18EE901A8DED008BE4
:1007F000002818BF0120084320F00040C0F17F60AE
:1008000000F1E040C00F14D019EE101A19EE900A52
:100810008DED009B002918BF0121084320F0004006
:10082000C0F17F6000F1E040C00F04BF0120EFF78E
:1008300052FF51EC180B03B0BDEC048B00BD70B53A
:1008400004460D46656104F2AB10E060216848691A
:100850000021F0F77BF942F2107600BF2168486969
:10086000F0F72CFA10B1701E061EF7D126B9002041
:1008700084F8AA01032070BD2268916A5069F0F7DC
:1008800031F921684869211DF0F776FA21680122C3
:1008900048691421F0F752FA20684069006840F076
:1008A000010021684969086020680068808A40F07A
:1008B00080002168096888820020DCE710B50120EB
:1008C000F2F7EAF804460220F2F7E6F80F49096861
:1008D00060F318610D4801600CB1012C05D10B4883
:1008E000006864F304100949086000F005F907493D
:1008F0000978C1F30010FFF7FFFA04480078C0F34D
:100900000011092000F0CEFA10BD00003C010020CB
:1009100010B5F9F757FC002407E00020FFF70CFAA8
:100920001920F9F73DFC601CC4B2C82CF5DBF9F7BF
:1009300011FD10BD10B50D48006820F010001030FA
:100940000A490860FFF7E4FF00F0D6F8074800788E
:10095000C0F300110120F2F7B7F904480078C0F3A2
:1009600000110B2000F09EFA10BD00003C01002099
:1009700008B500909DED000A08BD000010B50748BD
:10098000007880F00100054908700846007810B131
:10099000FFF7B0FB01E0FEF719FA10BD4801002097
:1009A00010B50748007880F0010005490870084636
:1009B000007810B1FFF714FC01E0FEF707FA10BD54
:1009C0004701002070B5044672B61F48C068D4F8CD
:1009D0004412461A94F8AA0120B3022E22D32168A9
:1009E00048690021F0F7B2F82268916A5069F0F77F
:1009F00079F821680022086840F22661F2F7D5FAFA
:100A0000216808684021F2F703FA216891F918007B
:100A1000F2F790FB216891F91900F2F78BFB0020A7
:100A200084F8AA0194F8AA0108B9012000E0002086
:100A3000054635B1012084F8AA010348C068C4F80E
:100A4000440262B6284670BDB0020020F0B5DFB0A7
:100A500004460F4615461E460DB95FB0F0BD394637
:100A60002EA8F9F797F99DF87801012825D10020E3
:100A70001349087072B61348006820F4801000F51E
:100A80008010104908600846006820F0007000F1EE
:100A90000070086062B60C48844202D1FFF780FF04
:100AA00001E0FFF76BFFB42232A968462D96EFF7FD
:100AB00011FD2EA80FC8FAF7ABF900BFCDE7000073
:100AC0000C0200203C010020004C004070B505469F
:100AD0000C4640F226612846F2F73DFA58B1002252
:100AE00040F226612846F2F760FA40212846F2F7E4
:100AF0008FF90020207070BD10B509480078C0F350
:100B0000001030B1012809D104210648F0F7A0FBFC
:100B100004E004210348F0F79DFB00BF00BF10BDB7
:100B20003C010020001002400CB501880191818831
:100B3000009100BF00BF0CBD70B5F0F791FE85B20B
:100B4000002403E0C820F9F734FB641CAC42F9D35D
:100B500070BD00002DE9F04F87B04C48FCF742FB18
:100B600006904B48FCF73EFB0590069818B14748A5
:100B7000F9F7E4FD00E000208246059818B14448EA
:100B8000F9F7DCFD00E000208346DA4501D30120BF
:100B900000E000200490049808B13D4800E03B4884
:100BA0000646049808B1102000E008200390DA45BA
:100BB00001D9504600E0584600F1010909F1010051
:100BC00008B94FF001090398F9F796FB012531495F
:100BD000304600F0C5F905402A21301D00F0C0F96B
:100BE00005402D4F4FF0000800243DE004EB840049
:100BF00007EB8000007A010604EB840007EB80001D
:100C0000407A41EA004104EB840007EB8000807ADF
:100C100041EA002004EB840107EB8101C97A084313
:100C2000029004EB840007EB800090ED040A8DED48
:100C3000010A06F1080101EBC400029900F090F9E5
:100C40000540DDED010AB0EE600A06F1080101EB96
:100C5000C401081D00F014F90540029888EA000854
:100C6000019880EA0808641C2A2CBFDB414606F57F
:100C7000AC7000F075F90540494606F5AE7000F01D
:100C80006FF90540284607B0BDE8F08F0040000826
:100C90000080000832524150E01000202DE9F0435E
:100CA000ADF5377D0746884691461D460297CDF83B
:100CB0000480CDF800906E4890ED310AF7EE000AFE
:100CC000B4EEE00AF1EE10FA28D990ED310ADFED2A
:100CD000690AB4EEE00AF1EE10FA1FDCD0ED310A39
:100CE00000EE105AB8EE400AF4EEC00AF1EE10FA27
:100CF00014D99DED000AB5EEC00AF1EE10FA0DD040
:100D000090ED3B0AB5EEC00AF1EE10FA06D09DED6B
:100D1000020AB5EEC00AF1EE10FA04D200200DF579
:100D2000377DBDE8F08300242BE053490C2202FB01
:100D30000410FDF767FE04EB440003A901EB8000FB
:100D400080ED000A4C490C2202FB0411081DFDF73E
:100D500059FE04EB440003A901EB800080ED010A79
:100D600045490C2202FB041101F10800FDF74AFE7F
:100D700004EB440003A901EB800080ED020A601C33
:100D8000C4B23B48D0ED310A00EE104AB8EE400A3A
:100D9000F4EEC00AF1EE10FAC7DC9DED020A05EB95
:100DA000450003A901EB800080ED000A9DED010ADA
:100DB00005EB450001EB800080ED010A9DED000A86
:100DC00005EB450001EB800080ED020A1820F9F7E1
:100DD00093FA0126002434E004EB440103AA02EB59
:100DE0008101D1ED000AB0EE600A23490C2202FB1A
:100DF000041000F045F8064004EB440103AA02EB9E
:100E00008101D1ED010AB0EE600A1B490C2202FB00
:100E10000411081D00F034F8064004EB440103AA55
:100E200002EB8101D1ED020AB0EE600A12490C22F8
:100E300002FB041101F1080000F022F80640601CDA
:100E4000C4B20B48D0ED310A00EE104AB8EE400AA9
:100E5000F4EEC00AF1EE10FABEDC0848006820F497
:100E6000803000F5803005490860304657E70000C3
:100E7000E01000200000704200C000083C0100208B
:100E800010B52DED028B82B00446B0EE408A8DED98
:100E9000018A2046019900F063F802B0BDEC028B94
:100EA00010BD000070B504460D46142C00DD70BD69
:100EB000052C08D11E480078A04204D11D480068C6
:100EC000A84200D1F3E71A4804701A4805601A488E
:100ED000C6681A480068001D1949884225D217487B
:100EE00000681849884220D325F07F4545EA04650B
:100EF00031461248006800F033F800B9D7E70F48D0
:100F00000068001D0D49086029460C48006800F083
:100F100027F828B909480068001D08490860C6E795
:100F200006480068001D0549086000BFBFE70000D3
:100F30006C01002070010020B00200206801002038
:100F40000000080800000608B0F1005F02D3034A61
:100F5000904200D97047016000BFFBE7FCFF012011
:100F600070B504460D462046FCF794F908B90020F8
:100F700070BDF0F739F8F9F73DFA00BF4FF4803053
:100F8000EFF7C4FF0028F9D129462046EFF7FEFF0E
:100F9000092801D1012000E000200646EFF7ECFF10
:100FA0003046E5E781F00041704780F0004070472F
:100FB00021F00041704720F00040704721F00042CE
:100FC000A2F16052B2F5801F01F0004328BFD2F1B8
:100FD0007F6C0BD95FEA001C43EAC20242EB5070FF
:100FE00018BF704728BF20F001007047B2F5801F7E
:100FF000BCBF184670474FEA410C1CF5001F02D2D7
:10100000084600F08FBF70B500F0C8FB00000089F3
:10101000FFF7F6BF4FF00040A0F5800070470000DA
:1010200010B591EA030F48BF83F0004300F1228618
:10103000841A71EB030C05D2121943EB0C03001B4D
:1010400061EB0C01DFF824E14FEA1154A4EB135CCF
:101050001EEA430F18BF9EEA445F73D023EA0E03D3
:10106000DCF1200E21EA045143F4801332D322FA3A
:101070000CFE10EB0E0023FA0CFE41EB0E01CCF13E
:10108000200E03FA0EFE10EB0E0051F10001B1F537
:10109000801FCCF1200E32D201EB045112FA0EF275
:1010A000BDE8104058BF7047401C38BF5FEA42029D
:1010B00018BF7047002814BF20F0010041F1000163
:1010C0004FEA410313F5001F38BF7047A1F1C0413B
:1010D00000F05ABC012A43EB0302ACF1200CDCF116
:1010E0001F0E32BF4FF0000E23FA0CF310EB03007B
:1010F00041EB0451B4EB115FD0D0A1EB045101F5E9
:10110000801149085FEA300001EB04510ED350F121
:10111000000038BF12FA0EFE08D1BDE81040C9E742
:10112000401C38BF5FEA4202CAD1C3E7BDE81040A5
:101130004FEA410313F5001F38BF7047A1F1C041CA
:1011400000F022BC9EEA445F08D011EA5E0FBDE8C1
:10115000104004BF01F0004100207047BDE810407E
:1011600070B500F01BFB00BF64FBBE3E0000E0FF5B
:1011700002494FF0000000F0DABE00BF0000F87F27
:10118000491058BFC1F140415B1058BFC3F1404303
:101190008B42EFF3008070472DE9C04130B4DFF897
:1011A000A0C23CEA111418BF3CEA131400F0EC8012
:1011B00081EA03051CEA111444EAD57418BF1CEA3D
:1011C000131500F0C780A4EB05044FF0004545EA75
:1011D000C12145EAC32341EA505143EA525304F185
:1011E0007F74994204F500344FEAC0204FEAC222CE
:1011F00008BF904200F09C804FEA13650FF2401642
:10120000765D4FEA134506FB05F7C7F1807706FBCD
:1012100007F74FEAD737A7FB03687642C8F580384F
:10122000A7FB06CE38BFA8F1010807FB08E64FF080
:10123000000EA6FB028CE6FB03CEDCF1000CCEF127
:10124000004E38BFAEF1010EA6FB0C584FF0000760
:101250004FF00005E6FB0E87A1FB08C6A0FB07CEFA
:1012600016EB0E0645F10005E1FB076515F1E04EB2
:101270007EBFA4F580345FEA46066D4116F1800713
:1012800045F100054FEA17274FEA066647EA05676A
:10129000A6F1DE46B6F1805F4FEA15251FD9384624
:1012A00024F0010C05EBC471BCF1FE6F01EB0C11D5
:1012B00002D8F0BCBDE8008124425CBF01F5801E6D
:1012C0009EEAC47F02D4F0BCBDE80081244238D439
:1012D000F0BCA1F1C041BDE8004100F055BB4FEAB0
:1012E000D22242EA43524FEAD323A7FB02864FEAB7
:1012F000D02040EA415007FB03661EEA0E0F4FEA7A
:10130000D12105FB026658BFA6EB0056B6EB00568E
:101310004FEA520E4EEAC37E18EB0E0E56EB530EFA
:10132000BDD518EB02085E417F1C55F10005B6E7FC
:101330004FF480154FF000074FF000064FF0000803
:10134000ADE7F0BC4FF0000001F1C04101F00041F9
:10135000BDE8008111EA0C1F0CEA131500D00CE067
:1013600013EA0C1F00F025804FF00000F0BC81EA6A
:10137000030101F00041BDE80081F0BCBDE800417F
:1013800081EA030100F000BBF0BCBDE8004170B58C
:1013900000F004FA097EFC3E00F007B881EA030180
:1013A0004FF0000001F00041704781EA030100F0B6
:1013B000EBBAF0BCBDE800414FF000002149704796
:1013C000FFFDFBF9F7F5F4F2F0EEEDEBE9E8E6E40A
:1013D000E3E1E0DEDDDBDAD8D7D5D4D3D1D0CFCD91
:1013E000CCCBCAC8C7C6C5C4C2C1C0BFBEBDBCBBCA
:1013F000BAB9B8B7B6B5B4B3B2B1B0AFAEADACABC5
:10140000AAA9A8A8A7A6A5A4A3A3A2A1A09F9F9E9E
:101410009D9C9C9B9A999998979796959594939350
:10142000929191908F8F8E8E8D8C8C8B8B8A8989E7
:10143000888887878685858484838382828181806A
:101440000000FF070000F87F51EA030C17D41CF5D9
:10145000801F58BFBCF5801F00F10680994218BF5D
:10146000704708BF9042704707D711F5801F58BFDB
:1014700013F5801F19D499427047894270471CF5B3
:10148000801F08D5BCF5801FF7D58B4218BF704769
:1014900008BF824270474FF4001C1CEB410F38BF5D
:1014A0001CEB430F01D28B42704770B500F076F908
:1014B000922449004FF000514FF08053FFF760BE77
:1014C0004FEA41034FEA5353A3F58063D3F11E0360
:1014D000C8BFD3F1210C0CDD4FF0004242EAC1221B
:1014E00042EA505232FA03FC8CEAE17CACEBE17048
:1014F0007047102BC4BF0020704703F5787CBCF107
:10150000FF3F04D06FF0004282EA2100704770B5BF
:1015100000F044F94992248000207047F2E700006F
:101520004FEA1153A3F58063D3F11E03A8BFD3F193
:10153000200C08DB4FF0004242EAC12252EA50522E
:1015400032FA03F0704709420BD4102BC4BF0020BD
:10155000704703F5787CBCF1FF3F05D04FF0FF30BA
:1015600070474FF00000704770B500F017F900BFEA
:101570004992248000207047F0E710F0004248BFF5
:101580004042B0FA80F310FA03F10AD0C3F11D0310
:1015900003F580634FEA415002EB035202EBD12185
:1015A00070474FF000007047B0FA80F310FA03F173
:1015B0000AD0C3F11D0303F580634FEA41504FEA9F
:1015C000035202EBD12170474FF00000704700003A
:1015D00051EA030C17D41CF5801F58BFBCF5801FBF
:1015E00000F10680994218BF704708BF90427047CB
:1015F00007D711F5801F58BF13F5801F19D49942E2
:101600007047894270471CF5801F08D5BCF5801FC4
:10161000F7D58B4218BF704708BF824270474FF41E
:10162000001C1CEB410F38BF1CEB430F01D28B4257
:10163000704770B500F0B2F8922449004FF00051A5
:101640004FF08053FFF79CBDDFF848C170B51CEA2E
:10165000111E1EBF1CEA13159EEA0C0F95EA0C0F13
:1016600000F06F8081EA030423EA4C134EEAD47E33
:1016700021EA4C1141F4801143F48013AE44A1FBE4
:10168000024CA0FB0365AEF17F7E361955EB0C05CD
:10169000A1FB034C4CF10003A0FB021C16EB0C0653
:1016A000654153F10003094218BF46F0010613F4E7
:1016B000007F0BD14FEA03314FEA0530340341EA92
:1016C000155140EA16506FF003020AE04FEAC321B9
:1016D0004FEAC520F40241EA555140EA56506FF0F6
:1016E000020202EB2E4201EB025585EACE710AD0CE
:1016F0005FEA440C18BF24F0004450F1000041F1AF
:10170000000120EAD47040F2FE7C624500D270BD38
:10171000A84214BF4FF080444FF04044002E08BF51
:101720000024BEF1806FA8BFA1F1C041BDE87040A8
:1017300080F22A814FF0000001F1C04101F0004128
:1017400070479EEA0C0F0CEA131518BF95EA0C0FB0
:1017500006D04FF0000081EA030E0EF0004170BD8C
:1017600000F01CF88900013E00F007B800F009B84D
:101770004FEA430C5FEA5C5C08D081EA030100F0A9
:1017800003B94FEA410C5FEA5C5CF6D14FF0000010
:10179000014970470000FF070000F87F0EF1020EBC
:1017A0002EF0030E5EF8046B364205D4012A43EB9B
:1017B000030515F5001F12D8012841EB010C1CF59B
:1017C000001F0CD80ED14FEAD17C15F5001F0CEB91
:1017D0004C0C0CF1020C08BF4CEBD37C04E04FF036
:1017E000080C01E04FEAD37C0CEB4C0526FA05F619
:1017F00006F00706B6F1040C06D20EEB860CBDE827
:1018000070404CF0010C6047DFE80CF0090B02025D
:101810004FF000414FF00000A1F5002170BD1946C6
:101820001046012851EB010418BFD4F5001484BF01
:10183000002001F0004170BDDFF844C170B53CEA02
:10184000111418BF3CEA131500F08F8011F1004FFE
:101850001CEA13150CEA111468BF45F0050518BF02
:1018600011EA0C1F00F079802E4621EA4C1123EA80
:101870004C1341F4801143F48013A5F58035AC423C
:101880003DDD801A9941A4F5803609D54042C1F169
:10189000000134BFB1F10101B1F1000185F0010592
:1018A00011F4F01F08D011F4801FE8D1400041EB83
:1018B0000101A4F58034F6E721F00041B1FA81F688
:1018C000202E04BFB0FA80FE0EF12006A6F10B0612
:1018D000B6F1200EA4EB06440CD2C6F1200E01FA9C
:1018E00006F120FA0EF641EA0601CEF1200600FAD2
:1018F00006F003E000FA0EF14FF00000BFE750EAF7
:10190000410E23D04FEA244EBEEB254F0FDB994208
:1019100008BF904204D00AD3520043EB0303B0E760
:101920004FEA1646B6EB144F08BF85F00105B4F533
:10193000803401EB041181EAC57100DB70BD01F157
:10194000C0414FF0000001F0004170BD4FEA457109
:101950004FF0000001F0004170BD1CEA131F09D0D8
:101960004FF0000001F0004170BDFFF717FF00BF0E
:10197000EDFFFF3EBDE870404FF0000001497047A9
:101980000000FF070000F87F0808A0F500114FEAEB
:101990003101704753EA010C17D41CF5801F58BF62
:1019A000BCF5801F00F106808B4218BF704708BF4E
:1019B0008242704707D713F5801F58BF11F5801F6B
:1019C00019D48B4270479B4270471CF5801F08D585
:1019D000BCF5801FF7D5994218BF704708BF9042E9
:1019E00070474FF4001C1CEB430F38BF1CEB410F3A
:1019F00001D2994270470FB40CBC03BCFFF719BE6B
:101A00005FEA410C5FEA5C5CACF580635B1C39D437
:101A1000D3F1340240F34580B2F1200314DA4FF0E1
:101A2000010C0CFA02FCACF101030340B3EB5C02C5
:101A300020EA030008BF10EA0C0F98BF704710EBB4
:101A40000C0041F1000170470AD0C3F1200201FAF5
:101A500002FC012821FA03F101FA03F14CF1000024
:101A60004FF0010C0CFA03FCACF10103B0F1004F94
:101A700021EA030108BF11EA0C0F4FF0000088BFF4
:101A800061447047B3F1FF3F28BF50EAC12C01F019
:101A900000414FF0000084BF41F07C5141F47001DF
:101AA0007047B3F5806FB8BF704770B5FFF776FE2B
:101AB00040DBB6BE91EA030F10B581F000413FF55F
:101AC000B7AA83F0004300F0D5B800002DE9F0413B
:101AD00001F5801CBCF5001FC0F2A9804FEA115C23
:101AE00021EA0C510CF1FD0C41F480115FEA5C0C11
:101AF0000CF5C07C01D34000494130A4890241EA81
:101B0000905187028E0E0A0CA45D04FB04F602FBC2
:101B100006F6C6F14046A4FB0662F60D46EA4226EA
:101B200006FB06F4A4FB01235242C3F1404338BF35
:101B30005B1EA6FB02420024E6FB0324D20B42EA12
:101B40004446A6FB0623A1FB02E2A3FB07E4E3FB5A
:101B500061426442C2F1404E38BFAEF1010EA6FBB5
:101B600004234FF00002E6FB0E32A2FB03463400D2
:101B7000E2FB6264A1FB06E6A4FB07E8E4FB616804
:101B80007642C8F1405838BFA8F10108A2FB06E42C
:101B9000A3FB08E5E2FB6854A1FB05E6A7FB04E80C
:101BA000E1FB648618F1200556F10006A809A8F1AA
:101BB0001B08B10908F03F08B8F10A0F40EA866037
:101BC0001CD901EB0C51BDE8F08100BFFCF5EEE83B
:101BD000E2DDD8D3CFCBC7C3C0BDB9B6B4B1AEACCC
:101BE000A9A7A5A3A19F9D9B9A9896959392908F44
:101BF0008D8C8B898887868584838281A0FB006891
:101C000000FB01F208EB4208B8EB872807D534182F
:101C100058EB0104D5D5401C51F10001D1E7341A2D
:101C200078EB0104CDD4401E71F10001C9E75FEAF1
:101C30004C0C5FEA9C5C0DD105D34FF0000001F025
:101C40000041BDE8F081BDE8F04170B5FFF7A6FDA9
:101C50006DDBFFBEBDE8F0414FF00000004970476A
:101C60000000F87F10B591EA030F48BF83F00043EE
:101C70003FF5DEA9841A71EB030C07D212198CF020
:101C8000004C43EB0C03001B61EB0C01DFF8A4E1FB
:101C90004FEA1154A4EB135C1EEA430F18BF9EEAEF
:101CA000445F00F0B08023EA6E03524221EA0451FF
:101CB000C3EB6E0338BF5B1EDCF1200E25D322FA86
:101CC0000CFE10EB0E0043FA0CFE41EB0E01CCF1C2
:101CD000200E03FA0EFE10EB0E0051F10001CCF1C4
:101CE000200E29D412FA0EF201EB0451BDE8104087
:101CF00058BF7047401C1CBFB2F1004F704700280E
:101D00000CBF491C20F00100704712EB020E43EBA0
:101D1000030218BF4FF0010E4EEA4202ACF1200C54
:101D2000DCF11E0E54D943FA0CFE10EB0E0051F1FB
:101D3000FF31CCF11E0ED5D50EF1010E12FA0EFEBA
:101D4000404141EB010101EB445C5FEA5C5C10D96E
:101D500010EBDE7001EB045138BFBEF1004FBDE85F
:101D6000104018BF704700280CBF491C20F001002C
:101D7000704730D24FEAD42C11F5001124F40064DE
:101D80001BD0B1FA81F20B3AA41AA41ED2F120039F
:101D9000914030FA03F31943904001EBCC71002CD1
:101DA00001EB0451BDE81040A8BF704701F1C041EC
:101DB0004FF0000001F000417047B0FA80F310FAD4
:101DC00003F100D110BDE41A173C4805C90AE4E745
:101DD00001EB045110BD491001EB0451BDE8104066
:101DE0004FEA300002E04FF0000170474A0008BFA0
:101DF0000042F8D0B2F5001F28BF704701F0004143
:101E00004FF0000070479EEA445F07D011EA5E0F72
:101E1000BDE8104004BF002100207047BDE810401D
:101E200070B5FFF7BBFC00BF40DFF63E83F000411A
:101E3000104670470000E0FF43004FEAD30C4FEA22
:101E40003C0C43401FBF40070CF1605113F0FE4FA4
:101E500070471CF0006F03D100200CF00041704768
:101E60000CF0004343EA507010B540EACC0000F09B
:101E70000EF800BF000000924FEA0001FFF784BD9A
:101E80004FF000414FF00000A1F5002170470EF126
:101E9000020E2EF0030E5EF8044B244204D44FEAE7
:101EA0004102B2F17F4F11D84FEA4003B3F17F4FA7
:101EB0000CD80ED14FEAD07CB2F17F4F0CEB4C0C1A
:101EC0000CF1020C08BF4CEBD17C04E04FF0080C85
:101ED00001E04FEAD17C0CEB4C0324FA03F404F04C
:101EE0000704B4F1040C06D20EEB840CBDE81040DC
:101EF0004CF0010C6047DFE80CF0070802024FF0DD
:101F00000040A0F5800010BD0846420018BFD2F185
:101F1000807288BF00F0004010BD4FF04070E1EECD
:101F2000100A7047FF2141EAD050C00570470CF0FD
:101F30000F03092B08BF082000F059800A2B0BD093
:101F4000082B18BF704708BF1CF0400F0AD04FF095
:101F500000004FF0000170471CF0400F18BF4FF019
:101F6000004070471CF0100F08D020F0704300F0C4
:101F70007F4242EAD3014FEA4370704700F060406D
:101F800021F07F4242EA000201F07F4040EA727095
:101F900070474FF0FF0C4CF4E06C1CEA11531CBF6F
:101FA0009CEA030C9445C2BFDA4201EB0251704730
:101FB000002B0DD0BCF1000F0FD0002A01F0004122
:101FC000A4BF41F0E04141F07F614FF00000704755
:101FD00001F000414FF00000704750EA01334FF02C
:101FE0009B0C18BF4CF0806C7FF4C2A870471CF4A7
:101FF000801F11D01CF4E02F03D06FEACC314900D0
:1020000070474FF04050EFF3008222F0704242EAF6
:10201000000282F3008870474FF000007047000014
:102020000000000000000000000000000000F03F81
:1020300000000000000000000000000000000000A0
:10204000000000000000F03F000000000000000061
:102050001E0C6B07000000000A00000000000000DA
:102060000000000000000000000000000000000070
:102070000000000000000000000000000000000060
:102080000000000000000000000000000000000050
:102090000000000000000000000000000000000040
:1020A0000000000000000000000000000000000030
:1020B0000000000000000000000000000000000020
:1020C0000000000000000000000000000000000010
:1020D0000000000000000000000000000000000000
:1020E00000000000000000000000000000000000F0
:1020F00000000000000000000000000000000000E0
:1021000000000000000000000000000000000000CF
:102110000000000000000000555555555555C53FBD
:102120007D6FEB0312D6D4BF5544880E55C1C93F0D
:102130003B8F68B52882A4BF88B20175E0EF493FA4
:1021400009F7FD0DE13D023F4B2D8A1C273A03C0E4
:10215000C88A599CE52A004059018D1B6C06E6BFD0
:1021600082922EB1C5B8B33F555555555555C53F0B
:102170007D6FEB0312D6D4BF5544880E55C1C93FBD
:102180003B8F68B52882A4BF88B20175E0EF493F54
:1021900009F7FD0DE13D023F4B2D8A1C273A03C094
:1021A000C88A599CE52A004059018D1B6C06E6BF80
:1021B00082922EB1C5B8B33F000000000000F03F8E
:1021C000000000000000F83F0000000000000000D8
:1021D0000000004003B8E23F0000000000000000E3
:1021E00006D0CF43EBFD4C3E033333333333E33F71
:1021F000FFAB6FDBB66DDB3F4D268F515555D53F9D
:1022000001411DA96074D13F65DBC9934A86CD3F6A
:10221000EF4E454A287ECA3F3E5555555555C53F58
:1022200093BDBE166CC166BF2CDE25AF6A56113F4A
:10223000F16BD2C541BDBBBED0A4BE726937663E4C
:1022400000000000000000000000B33FB2BE7D3A75
:1022500000002E40DFCF513800007E40BF51FABA57
:1022600000E0A44019DAC3BA00E0C840C2ED8AB960
:102270000040EB40CD1F2CBA001006412AFFFABAED
:1022800000C01541DFCFD13700D024419A97703A72
:102290000050334189478E3600404141E75B9D380D
:1022A00000B04E41C00A98B900A05B41558F943AE6
:1022B00000306841DA92C0BA0040744162B3C63A55
:1022C0000000803F00A0853F00908B3F00C0913F01
:1022D0000030983F00F09E3F00F0A53F0050AD3F1A
:1022E0000000B53F0000BD3F0060C53F0020CE3F6D
:1022F0000040D73F00C0E03F00C0EA3F0020F53F6C
:10230000000000007D36AC397D3C3839EBDCF43818
:10231000320A7E39124C26399B6AED39A4EE833994
:102320007F661E39F6398A392B426539A482113904
:102330005B991F39C3EECD39DDE7C637A5A22F392A
:102340000000803FC3AA853FC2958B3FD3C3913F16
:10235000F037983F32F59E3FD7FEA53F3F58AD3F3F
:10236000F304B53FA408BD3F2A67C53F8C24CE3F88
:10237000FD44D73FDFCCE03FC7C0EA3F7D25F53FB6
:102380004C5555555555A53F7751C1166CC156BF93
:102390009015CB19A001FA3EAD529C804F7E92BEA3
:1023A000C4B1B4BD9EEE213ED43888BEE9FAA8BDC2
:1023B000000000000000000000004054FB21F93F35
:1023C0003163621A61B4D03D0000601A61B4D03D3F
:1023D0007370032E8A19A33B0000002E8A19A33BB9
:1023E000C14920259A837B390000000000000000CD
:1023F0006E83F9A22915444ED15727FCC0DD34F570
:10240000999562DB4190433CAB6351FE61C5BBDEF5
:102410003A6E24B7E0D24D42EA2E49061C92D10909
:102420001CEB1DFE3EA729B1F53582E88444BB2E86
:1024300026709CE9417E5FB439D69139F4395383D3
:102440008B5F849C3B28F9BDFF97F81F0F9805DE32
:102450008B112FEF1F6D0A5ACF7E366DB709CB2730
:10246000663F464F2DEA5F9EC7BA27757BF1E5EBC5
:10247000F739073DEA92528AB15FFB6B085D8D1F09
:10248000A6F810111111813FD561C119A0012ABF11
:102490007DFEB157E31DC73EEB9C2B8AE6E55ABE95
:1024A0007CD5CF5A3AD9E53D7AFE10111111C13FC2
:1024B00037D60684F464963F280356C9226D6D3FD3
:1024C0000165F2F2D844433FA69237A0887E143FBC
:1024D000735360DBCB75F3BEFE41B31BBAA1AB3FB8
:1024E00093846EE9E326823F1583E0FEC8DB573F05
:1024F00068108D1AF726303FE9A7F0320FB8123F67
:10250000D47ABF74702AFB3E28250208C40000203C
:10251000E0010000C4010108DC250208A40200203B
:10252000942A00002002010801201D1F1C1F1E020A
:1025300049058A1D0C400935FA8E3CE02E654202A1
:102540004301021DFF032C06081808B5596D3BB561
:1025500059ED04000B2D6D3B114EE93F895156BFDB
:10256000124C12401408024012043C080A0B7B2053
:102570000808706002400F345380251B0840102269
:102580003D142008208320031A44381D0C024020EB
:10259000073C050607281AA0288B1126381A881030
:1025A000211A3D36C40820021B100118191C120202
:1025B0004C04090A3C1EB86402404638793C1910A4
:1025C0002113402F12206A223C2D0102030404151E
:0C25D00006070809847A030A6914000059
:04000005080102717B
:00000001FF
